-- --------------------------------------------------------
-- Servidor:                     shortline.proxy.rlwy.net
-- Versão do servidor:           9.4.0 - MySQL Community Server - GPL
-- OS do Servidor:               Linux
-- HeidiSQL Versão:              12.10.0.7000
-- --------------------------------------------------------

/*!40101 SET @OLD_CHARACTER_SET_CLIENT=@@CHARACTER_SET_CLIENT */;
/*!40101 SET NAMES utf8 */;
/*!50503 SET NAMES utf8mb4 */;
/*!40103 SET @OLD_TIME_ZONE=@@TIME_ZONE */;
/*!40103 SET TIME_ZONE='+00:00' */;
/*!40014 SET @OLD_FOREIGN_KEY_CHECKS=@@FOREIGN_KEY_CHECKS, FOREIGN_KEY_CHECKS=0 */;
/*!40101 SET @OLD_SQL_MODE=@@SQL_MODE, SQL_MODE='NO_AUTO_VALUE_ON_ZERO' */;
/*!40111 SET @OLD_SQL_NOTES=@@SQL_NOTES, SQL_NOTES=0 */;

-- Copiando estrutura para tabela railway.dishes
CREATE TABLE IF NOT EXISTS `dishes` (
  `id` bigint NOT NULL AUTO_INCREMENT,
  `custo` double DEFAULT NULL,
  `description` varchar(255) DEFAULT NULL,
  `name` varchar(255) DEFAULT NULL,
  `tempo_reposicao_min` int DEFAULT NULL,
  `is_active` bit(1) NOT NULL,
  `image_url` text,
  PRIMARY KEY (`id`)
) ENGINE=InnoDB DEFAULT CHARSET=utf8mb4 COLLATE=utf8mb4_0900_ai_ci;

-- Copiando dados para a tabela railway.dishes: ~4 rows (aproximadamente)
INSERT INTO `dishes` (`id`, `custo`, `description`, `name`, `tempo_reposicao_min`, `is_active`, `image_url`) VALUES
	(12, 15, 'Pacote de absorventes higiênicos com 8 unidades, cobertura suave.', 'Absorvente Higiênico (Pacote 8 un.)', 10, b'1', 'data:image/jpeg;base64,/9j/4AAQSkZJRgABAQAAAQABAAD/2wCEAAkGBxMTEhUTExIVFRUWFxcVGBUVFxcXFhcVFxUXFhYWFRUZHSggGB4lHRUVITEhJiorMC4vFx8zODMtNygtLisBCgoKDg0OGxAQGy0lICUtLS0tLS0tLS0tLTAtLS0tLS0tLS0tLy0tLS4uLS0tLS0tLS0vLS0tLS0tLSstLS0tLf/AABEIAOEA4QMBEQACEQEDEQH/xAAbAAABBQEBAAAAAAAAAAAAAAAAAgMEBQYBB//EAEkQAAIBAgQCBgYFCAkDBQEAAAECEQADBBIhMQVBBiJRYXGREzKBobHBFEJS0fAHIzNicoKSshUWJDRjorPC4UNT0nODk8PiJf/EABsBAQADAQEBAQAAAAAAAAAAAAABAgMEBQYH/8QAOxEAAgECAwQIBAUEAgIDAAAAAAECAxEEITEFEkFREzJhcYGRofAiscHRFEJS4fEGFSM0M5JDghYkYv/aAAwDAQACEQMRAD8A9xoAoAoAoAoAoAoAoAoAoAoAoAoAoAoAoAoAoAoAoAoAoAoAoAoAoAoAoAoAoAoAoAoAoAoAoAoAoAoAoAoAoAoAoAoAoAoAoAoAoAoAoAoAoAoAoAoAoAoAoAoDhMamgKzF8espoGznsXUfxbVZRbMp14Q1ZTYnpI7eqMo7on2sZ+ArRQXE5Z4y+UEQxxsTJIP7VwsOzar7j4I0p08Q3eVOT9PmO/09Gy2vZn+6q9E2bONZf+L1X2Of1kfsHsL/APkKnoGZurWWtN+Yhukz9h82H++nQMrLEVV/4pe/AP6zP2OPb96tToDN42S1pyXn9jp6UNzdx/Af/p+dR0DI/udHihX9bCBo7E9pW2V9ozIajoWXW08PfNP0+rFf1rc7MnibTkd/qOfjUdDI1jtDCPXe9Bz+tbCJeydNRkvIZ7pBkeVR0UjRYzBv8zXgP2+lJJP6CBsTeKT5ppUdHLkX/EYRpWqen7k7DcbZ9lsn9jEK/l1RVXFotvUX1Z3995LPEGG9i57DbPxYVBO6uZ1OJTvauDxy/JjQhq3Ec+npzDj9xj8BQgBj0/W/gf7qAX9MTt9x+6gAYtPtCgFDEp9tfMUAtbgOxHnQCqAKAKAKAKAicS4nasLnuuEXtM/KliG7FViOkDEfmkEHUM2uh5hR99aqmzzqu0oRySKnE3Llz13Ld3L2AaVoqdjgqY6c+Iz9Hq26czqtivQ9w99TukdN2HfR/qj3/fTdRPTvl8xVnDoTDnKO0LPz08qNNaF6VSLfxuy7B97GGgk21JGyAswbvZmUEeyqJT5nX+KoxTaefBJvPvbSsVX0K3rKASToFEAdmup7NffWt5czlWOqfqkvF/cabAJ+sO4SP91W3pEraNZfnfoMtw1ORI8dfvqd+RdbVq8ZX70voMnh/wDiHy//ACPwKnefIpLaG9k4w/6iWwPYR7So+dLnC2m8mgtWSkmLTdzkH3Ag1DzJpzUHf4X3/wAklbw2OFssf1Hdf9x7KzcX+pnbHEU3k6a8GyfgsVhhvhbiHnlZnX+YT5VlKM+Z3Ua2G/S15v6lqnHsMuxKeFt/9q1m4TOxYuguPodbpPhx9dj+4/zAoqUg8dQX5vRncP0ltPIBg9jlUnwJOtWdGRpSxNGp1ZIsBjBGaDHaIb3KSaz3WblNc49gbjdZ3BGkkXlHkBA9orZU6sVp8jllj6MJbknZ9qf2LHC4WzcGa1dLDtRw0eIMwfGqOUllJHTTqwqK8Gn3D1rh5Vg3prpHNWKlTpGoyyO3Qjbs0qHO6tZFx54qpJExl58hVLrWm5OoVoP7LAgju+G9SkVlG6ydik6OcZx5xSWMS9llOaSqHMQEYggggDUDkatKMbXRxwnWjU3J2N3WR1hQBQDbjrDwPyoCFinhoI7xUoOMXqhCuvYPIUzI6KH6V5CwE+yvkKi75h0KT1ivJHRZt/YT+EfdTflzK/haP6F5I79Gt/YXyFT0kuZX8HQ/QvI4cBaP1R5kfOp6WXMzeAoP8vzEHhVrsPmadNIzezMO+D82IPBbfa3mPuqenkZvZVHm/fgIbgSfab3fdVunfIo9kUuEn6DbdHx9v/L/AM1P4jsMnsZcJ+n7jZ6O/rjyj51b8R2Gb2M+El5DbdHD9pff91T+IRR7GnwkvUYfow/anmfuqyxMTJ7FrcGvN/Yjv0Wudi+dWWJiYy2NiOzzIl3ore5ID4MvzNXWIp8zGWycWtI+q+5Hbo/iB/039hB+Bq3S0nxM3gcdH8r819yLe4biBul7yePuqydN8UZTji46xn5MrruGYbgjxBHxrRJPQ5XVlHrJrvIr2R2CrbpZYl8xF20QJiB20sWVe5zAG96QGwHLjnbBJHjGkeOnbVKm7a0jtwqquW9STv2Hp+BxlxrSG6mS5HWUEEA7SIJ33jlMV5ckru2h9hRlN006is+JItNO9VNLlViD1mHYT8a1SLoi8LX/APoWz/hsfc4qJaHJUX/2E+w3FZG4UAUA23reygGMfh866bjUfdUp2BUK1aWLIdW5VbEjq3KrYkdV6hokWHqtgLD0FhF/FqilndUUbsxCgeJOlCYwcnaKuysHS7BzH0m35mPOIpus6PwNfXcZa4bGpcXNbdXX7SMGHmKixzyg4u0lZjwuUKWFekpcWDPQWDPS4sdz0uLHc1LkWOZ6CxwtUiyGmtIfqL5CpUnzKOnDkvIg3MJaDZhaQMd2CrJ9sVffla1zNYekpbyir87I7fEAQIHdpUGqViMTUgew/OoBV4s9dvE1stDRaHOEL/bLZ/w3+X31WehhUX+WL7GbCsi4UAUA2fW9n30B00BXcRwc9dd+Y7e8d9XjLgSVoer2LI6MQO2m6SPJfHbVXEkeV6o0WOYrGLbRrjmFRSxPcOwcz3VFi0IOclGOrPH+OcYu4y4bjkhQeonJB3Dm3a3PwgDaFO59bgsCqcbLxfMg5BWypxPRjQgheHvNbbPbZkb7SMVPmOXdUOlFiphac1aSyNdwbp9dt5VxK+lQ7XFAW5G0xorjwj21jKjyPDxWw4u7ouz5cPuvU9A4dxK3fQXLTh1PMbg9hG4PcaxaayZ89WoVKM9yorMk+kqpnY6GqBYVmoRYUrUIO1JARUkHTUoqQr9SBvE7CpQIlSSSMPz9lCGVONPXbxrWOhdaDvBB/aU/9O58bdVnoZz668foaysiQoAoBs+t7B86AUaASaArOI8Mz9ZdG5jkfuNaQnbJklK4KnKRBHbvWysyyFoTUFkPo5qjRdGX/KLjW9FasLM3GJIGpISMq+1mU/u1Fsz1tk0k5ym+H1/a43074Faw2HwzJbCNPo3gkyfR5tSd9VOvfV6Um3Y7tjY2pWrzhKV1qvP01JvR7ovh7WEbE4xMzBDdKEsMlsLmAKg+sQJ12kCqzqO9kc+O2pWqYhUcNKyva64vv5GeGHCYBQ+BPpsS4Fi9KEdYgqAc2ddJgRDczrVnJ72uh6DrTljPhrfDBfFHPhrws/p4Gh6ZWSz4DApb9M9sLccAhWa2gCEZjAUMFua6eqKpB6s8zZtTdVfFOW6ndLjm8132yM/jOOrhsez2LJw9tctu7Z6vWyk5yVQlQROkH6veasouUMz0aODnicHarLeebjLPLzz7/wBj01bs7VzWPlbDymosB0GoKsWDQgWBUoq2LFWRQQ9SCFfqQN4n1RRAiVJI/hjv7KMgyfS7iTWTCeu7wNJ0AEwOZkqPbWsdDuwdBVX8WiLfojeZ7ttmEN6K5mA2nNa21O+/tqk3dHLiYKFWy0z+hsqzMwoAoBv6xoBVAJNAcoBrEYZXEMJ+I8DUptaE3Ku/wth6hzDsOh+41opriXUuZFIIMEEHsNWNEyqxOCD42zdcfmsPauX2PKVIyjz637lUkd1Kq44acI6yaivHX7eJy1jrd3htrF4sT6O/cv5PtXPS3Vt2vCXHsXXSaWaluo3lRqUsbLD4fVxUb9lld+ntneMLeu4KxYMm/jrivcjTJb0uP+6ii2ngOdRGyZXDdFSxU6n5aSdu1rJebuydisE13iNhAhGHwdvPMEIbrdVFB2JVQp7tai+TMKdVU8JUm38dR27bat+OhF4Wri/juI3bbdVWt2UIOY27Q3C79YoseJo3kkaV5R6ClhYNZu8nwu9PLieYX8Hda8Lb/prrAsOYe6xJzj6p1zEcgRMbV0Jq2R9VTrUadDei/hgrX525c+Xeez2BAjs0rnaPhm7u5KRqoB5NdqrYq7IkJb7alIzchyrFAoBt6AhXjUgjcSuMFBGWObMYA2/58qtBJ6koqbDFmBl7kH1vVtjwH1jqda1eS5fMsy3wvOsWUM1xq0GvkxLJ6vbDhkYD2Ee0CrN5I7aEnGDXP6Zlj0OsZLsfq3uzf0tsHbwqH1TDEz3qia5fY2VUMQoAoBv6xoBVAcNAcigCgCgEPbDaET4ilwnYyvTXAXVwl84eIcD0i5SX9EBDBGnaJMQfWeN6vF3eZ6ezqlOVaEanDTPK/C/yv3HlLXmKBczFJzBcxyBiILBZiY511pLU+4UIb3SJZ8+PmW9zpbjSiJ6cgJljKqhjl9XMY6w0GnPnNU6KNzgWx8Jvue7rwvlnyG7nSvGm56T6S+cKVGiZQpgkBMuXkNYnSnRR5FlsnBqG5uZd7v5kXDcdxam4UxF2bhlzmkkxEkn1dNNI2A5CpVJSySOfH09m4Wkp4ndjGOl/kks5d2Zr+hHRS4v9puKSzAlM2/W3fXXWTqd5JqtSUY/Cj5jE7WljWlFblJdVcX2y5di8Xna24t4FuZA99c7aOXpESkwqjvqpVzY8BQrc7QgaxGIVBmYwKmMXJ2RKTZWtxwcrTkdsfLeteh7S+4SsLjkuiUO245jxFUnBx1KOLQ3e3qpBC4uVyqWyaTBc6ctl5natKd9C0SHYvs0QvV+03VnwWplFINFlhudZsqY3pleuKx9HILsUJG8EaKO8yfKtox3kjrw9ejSi5VfBc3yNF0PsZHRPs2WHtzW5PnNUqHLNtyvLV3v4murIgKAKATzoDtAcoAoDlAM4vEpbQu7BVG5P418KtGLk7IlK4izjkIUmUzmED9RmOugU6zAmIo4NNrkLCMbxO1bHWbTMts5etlZts8eruN+0VMacpad4UWzDdL+hPWN7D2+q2rW0GqnmUXmD2DUH3dNCpBrdnkaT21tTCq9FqceUldruaab82YtuHGYyvPZGvlFdfRR1uZP+ucdp0Eb/APt9yy4f0SxF0jLYYD7VyUXx62/sBqkpUYau/vsOef8AUW3MVlC0FzUbesrvyNxwDoTasw90i641CxFtT3L9bxPlXNVxTkrQVkc9PAtz6XESc5822/mauuQ9AKABQCWegOqwO1AZrGu17EZFYaNlXnlAEs8dvYe7vrrgtyF377DZZRH7uFsrdW0QxJGrl2zAn1Ygxy7OYqFKbg5ehF243IOJtth705pgAgnQshMEN3r3cp7asrTiSnvIu7hnWuQxIvFIhSSoiYLakbTlHM6CrwJRCw6AnMQxI2Z+/fKvLyq0nwJZZYbnWbKlHjxN1v2p9tbx6polkWHRdwbxgzCMPbmt1nUVik9TVVkQFAFANcz+OVALoDlAcoAoCp4thGuX8N1c1pWdnHIMEm2xHZIPn31tTmowlzy/ctF2TKjH3XxWNFu0YWxPX3CudHeNiRoFB+sJ1ANdEEqVHelx92+/YXSUY3YjiSZ79rB2AMtk+lcmSM+4a4ZlozSZ9YvEjcKb3abqz45L9veQWSuyRatZsaiWmP5gFr90mWuM4gIx2PbGw1gDLVW7UW5cdFytxI/LdmktX1acrBspKmCDDDdTGxHZXI01qZlVxbiLi7bw1jL6VxnZmEratAwXYAiSToB21tSpx3XOei9WBGHxl29iCqNls2OrcYAH0t4jW2szlVZBMazAqZQjCnd6vTsXPxBc1zgKAKAZuGgGpoDPsfRX2fvM84R1jNA1MMeXJe+uxPfgom3WVif9GZmF0ANCkhlfqtlgDrEmCRJ7o3FZ7yS3St8rFNxN/TMBmDZRkDCSGYsScpMkgCJPcSNK3p/Ai8cjRMsRXCzAj8RvquWQS2pAAk8tqvCLZKVyCl5iwBheeT1m9p2FWaSRNkWWF51mypneJpN15aFkyNp8T2V0wfwo1joWvRQj0pgQPRtGkfWSsavaUnqjV1kVCgCgGxufxyFAKoAoDkUAGgIvEncWrhtiXCnKBvmjSO3tir01FyW9oStcyF0a4X6CyAR+cbrOTvmOyz3beZ51fEVekn2cCZyuxHRzhT2EdrkNfuMWcg6TJgA9mpP7xq1eqptKOi0JlK+hRYXEXLODbKtwX7jzeusjKLZd8paSOsQPszGp0kT0SjGdbO26lkr62Xv5FnZvsH0uZLli0ouW8OgNxQAwuYm4rACQIJBY5oO4BJ0iK6xlJ5yeXYl7y+RRiMPxhbS4rEvBxDXHUWgZKrZGRQ3Yo3LaTmHMgGXRc3CmurZZ95BGw+HvC3hLXpHtNdbPAYqQqRdv3bseszTAQ6AMJE7WcoOU5WTSy+iS7uZBNvXruNuXfQ3cli2fRh1uMgL5Ze6ShBfLIyrIU7k8qzSjRit5fE89PTs7eIO8MzY175N259FFwIoVipuZEAMOsEKTLGImV1EEFUtRUclvWz7L9nMGotJlULqYAEkkkwI1J1J764275gaf5VAGzQETHYIXBuQw2Ybj8aeXhV4VN0tGViobgbsdEtnXcEqOf1fLny8a6VXXNmm+i04dwcWznYgtyA0VZ1OUfjy0rGpV3skUlO5Iu1kUI3ESYABbwXn4t9UVeBKK7DmGge1UEgd7vzq8s0Sy0w3OsmVM3xX9K3ZPM9Xy5mumHVRtHQtuiX6U7+o2/wC0nlWVUyn1jWViQFAFANjc/jkKATdvKvrMq+JA+NSk2UlUjHrNIitxSyP+qvsM/Cp3JcjF4ygvzoaPHLH/AHP8r/dVuilyKPH4dfm9H9hP9P4f/uf5H/8AGnRT5Ef3HD/q9H9jo47h/wDuj2hh8RToZ8gtoYb9fzHU4tYO1+3PZnUHyJqHSmuDNI43DyyU4+aJVu4G9Ug+BB+FVasbqSejFTUFgmgGjZXXqr1t9BrG09tTdgbxeCtXQBdtpcAMgOqtB7RI0qYzlDquwGH4RYLm4bYzGM2pysV9Usk5WI7SKt0s7btwScNhktrkRQqgkwNpYlj5kk1SUnJ3YHagEe5+PdQCagCT99CRzCDSe2pIHLlAQ7tSCJxPYCGI5gEKv7xq8CUVqMZ6sGDAA6tsfNjV32klthudZMqZrin6ZtpzRJ335D510w6ptHQtuihi+R/hk/51rKqZzWZraxKhQBQGR43in9PcXOwUZYAJA1RTsPGumnFbp8/jqs+mlHedsvkVprU4CVZwS5Bcu3BbRnW2piSzM2UQOQnn3E7CazlUs7JXPUwOy6uKu48m/BasRxLhhtDMDmQkjNEQQToR7N6ph8TCvG8ebXk7HPjMDPD5vNENcFcZc6oxXtAJ232ro3op2bORUKko70YtohXAYBgwdjyPbB51qjkmna9iHf5js3rWJx1L3aIuYgyND2itLIwjJp3RMw/G8Snq338C2YeTSKzlQpvVHbT2hiafVm/HP5lphem19fXVLg8MreY091YywcHo7HoUtvV49dJ+j9+BdYPpvYb9Ir2z2+uvmNfdXPLBzWmZ6lHbtCfXTj6r34F9guIWrv6O4r9wOo8V3Fc8oSj1kerSxFKqrwkmSaobBQCGcbUAy2/476ATUARdOh8vx50BKsrCipBy5QER6kEPiw0BMR+ser/CPWNXgyUQbKEsGg/tNpp+ovLxNWk0lYllnhudZsqZriLRdfTWTqdhrzNdMOqjaOhZdEP7w2/6Hn33Oz2VnV0KTNjWBQKAKAxfHf7zc/d/kWuql1T5vH/7EvD5IhGtDlRH6V2L2IsYdLKlxbLB1BAIYgC25nlGfXkSapTlGnNuZ+gf0njcNCElUdpJJeH75GgdmXCOt3eEEkRmuaZioPLSa8TZNGpTqT+G0G7xT1Sz+ljzNuTpdFJx46eeRGwgY2rOS4qFHcsS4WASp1E6jQ17Tsm7o+fpKUqVPcklZu+duIXrfp8noBmCYhyQIEKzhg0H6uhqye5fe4oipH8Ru9ArqM3fubvfuE4zEXcrNhOsxxFwXCgDE6/mwf1YnXakIxvapyyIrVau65YTN773rZ93gVHFLCDG3FW2HX7AYKAxQFoJ7CT+BXRBt0U72PNxMKccdKKjdcr2ztn6hct2iXJwjj1jCNIGsbA7SGHZ41Cc1lvl3GhK7dF8dH+/O4w9izrOHxCnnAMDfbN3Cde/lVt6d8pIp0VDjSmvp71I2MtYaQV9MFzAMCBIUKMxE880/dVoyqaOxnVp4ZNOO8lfPLhb7lSZU8wQfAgj4Gt8mjjTcHyZc8O6WYm1pn9Iv2bnW/zet76554WnLRWPSw+18TSyb3l2/c3PBeM/SbWf0ZTXKZMgkD6p5jXsrzq1Po5WufT4LF/iae/u298CdbrI7Dn4/HlUAKAabWB7fx7qAm22kVIE3KAiXKkDGMQyD1QANSRJ0PLkBHOrJ8CTM8U6TopyWB6V+0aoPaPX9mnfXTDDN5zyRKiXPR2872Va4QXOYEiIlXZeWnKsKqSk0iGUXFD+ecxoGbU7DrHZeZreHVNY6Fx0PM4i4f8ACX3u33VlV0KTNhWBQKAKAxXHP7zc8V/01rqp9VHzWP8A9iXh8kQ60OZDtsEGVLyDGZAdzpEg8/fVX2msbxd43717/kaxV8vq7uY2zDQdv1tKmKS0K1Zuec5Px/kiMg3zCO8Nz22B7DWiZzyjHn8xprQ5MvvHxAqyfYYunykvX7DKq6GUfITpK3VUx2aMK0vGWq9DFRqU38Erd0kvqMfRrgMgMTvK6nxlavvx0MHQrX3kn4Z/IXbbEIIX0qjs6wG87eJPnUNU5a2NYPF01aO8l4jd/iN6CGdtQQQYmDuNuc69unYKKnT1SE8ViM4ybzFLxy+BHpDy5DkAP9o9/aah0IcjSO0cQlbeIvEeIPegvGmY6CPWMmavTpqGhStiZ17b9sr+pFsWS7Ki7sQo8SYHxq0nZNmdODnJRWrdj1nA4RbNtLa7KIntPM+JMn214k5OUnJn39CjGjTVOOiHxt41U1EioBxvx7aASNyfZQC1aKAfepBFfepBi+neKm4LTXMlpVVmUes7MSdtiAFGp2J767sLG0d5LMsiisW+QGQdg/SESdXb6o/5Fbt8dfkWNr0R/utvwP8AO9cGI/5GUepUcTP55zA0Zusdh1jy5mtYdVGsdC36Efp72+lq1vvq97fyrKtoikzZVgUCgCgMXx3+83P3f9Na66XVPmdof7EvD5IgVc5Ux5LxG0anNDKSJ7suv47RNRu3OqHSbu9GOWuja8LDz8RubmImYi4BOYNzEDUVG5H3YtLE1V1vlJcbiBxbXW2jDNmj0iATL8j25zNOi7fQp+N5xT/9l2/cjW7yZFU2sxAOq5CSZkTGp5+6ruLvdP5mMJwUFGUL24qwu6cOWM4e4VzDUIyjLnYmADp1Suukxy5yt9LrImbwzk70pWvyayu+T5cePYRV+iZAHGRiOt+k02Jyzm1EsBrByrMa1b/LfJ/IwSwW5aas3rlLLu17ex5XEDB4UnS8V1XXMNJy8iozbvrIjKJ3gTv1eRCw+Cb+Go1px7uzPj3WCzhlZZXFsvVzZSdRpENqNQwYeBU86ObTzgWp0ITV4Vmsr2v88+f0Y+vB3aMuJZ9SNVkQJExmOsq0doE8oqvTLjE3WCqPq1b58Vf6v+ClxqugUk2yWB2S2Y9sa8q3haV7X82efW6Snbes79i+xEt45lIYKmZSGBygQQZB6scxVpU01bMpTxLi07K67PselcC4quJtC4BBnK6/ZYAEjvGoI8a8mrTcJWPtMJio4imprx7ycTWR1BQCSfv+VAct7eOtAKAoCRcqQRLm9SDAdNwDijIBi2p1nYetA5mJOumlejhv+PxJRU4Ry/5tFNxzrlWcswAWcky+w1OmtaySWbyRY9D4FhjaspbO6qAY2ncx7Sa82pLek2UKDFoDdc887fzGtov4TZaFv0I/T4k/qWB77xrKroik9TY1iUCgCgMTx0/2m54r/prXXS6qPmNof7MvD5Ih+NXOWNr5kFrqQ2bL6QNrmIAIIEHXcbnTXburtSllu6WProyi4px04CcHbsHXPlOY/WCwJ03XskzPLLEkGpqOosrX8PfvMtcmHDIx6mLIEDTNmnQawH0EmNYIPKKx3ml8UPT9irhCWqQ0nDrjhTbcMDMs1sQIN7UmDp+Z83XtqXOCvvRt49339DGWCw8tYLyRHu4dlyZshDsVVkkHMDAkEDQyIIHOe6p+F33b5czgxeyqLpuVNWks+8R6ZhszDwJFUsuR810k1o35nDfb7RPj1vjU7qDrT5/UYa6exP8A47f/AI1ZJe2zF1Jcl/1j9hlro520P8Q/lYVbd7WR0/8A+V6r5MQbq87a+wuPixqd18GSqsOMF5v7skcM4X9IbLbtvHNi4yr4nJv3b1nUq9Gs378zswmF/EytCLtxd8l6HoHC+Hph7YtW/Ek7ljux8gPYK8upUc5XZ9fhsNDD01CH8ksVmdBCxtm6+iXfRL2qoZ29rdVRvyJ7xtWsJQjm1f5ApcZdxOE673DiMOSA0qBctiYzCPWGvv5b10RVKv8ACluy9GSaW24ZQVMggEEbEESCPZXG007Mgi47i1nDlPTPlzkqNCdhqT2ASNe8VaFOU+qY1sRTo233a5YZwwDKQQRIIMgjtBG9V0NU01dEa5vUkmd6RdGfT31uG5lTKAwHryJELyAI5nyNdVLEdHDdsTcmYfC2cKgAC21JA7WduUndj8O4VhOpKbvJkFhhjIkc4PuqjBkcWfzjEbkt8SdBXWtDZaF50DH53Ff+wPJXP+6savAzlqbGsSoUAUBiePf3m5+7/prXXS6qPl9o/wCzLw+SIdXONMz17ilxi5Ati2jlOurNtuz9YBRt5xqd+2NKMUrt3fI+7o7GoUYRi3JyavlJrySGbWNvtMYO00MUm2kElRJiZJ0jWOY7au4xj+drvZrU2ZQtlVkvFP5oTexhUxcwDjqhswdx1TEEZUAI1A3303qUn+Wp6Iy/trt8NbzivpYZbieGHrW7yTqMoXaSJBd9RIInuNWUaz0afvuM/wC3YpaTg/Br6sftcWwwgi7chdhczEKTzCohAMntqkoVXlZZ8v3OTFYLHyg4QUc+N39h9OI2TteQ+OZf5wKydKa4M+eqbDxsfyX7mhxb6NoLtsnsFxCfLNNQ4yWqfkzllszGR1psV6JjsrHwBpdHHPD1o6wl5P7Ea4KujkkjRdHuja3FF26ZU6qg0kAxLH5D/iuPEYlxe7E+h2ZsiNSCrVdHovv9jW2kVRlRQqjkBAHgK4G23dn08IRgt2KshQ/H/NQWO0Alvx8zQFJ0o4mLNh3Kq8xbVHEqxOpzLzAAOndW2Hg51EkY16jhFburaS8SNwzgE2kGJZ3IGlrOy2rY5KFQjMRtJnsFb1MRaT6Pz4s2TIvG+iNt0mxKOoJVMxKN2iGJykxuIHbU0sW72qZrnxMMRhqeIjuzXjxRluCdIr2FPV1T61ppiecfYbv8wa6q1CM+/mfOwrVsDVdN5pcPqj0XhPGLWJTPbbb1lPrKexh89jXmVKcoOzPoqGIhWjvREce4r6EooUFnFwgnZciFtuew7KobmYuYk3GQuSxFw6nuVNAOWp2FQDYYP1R7PhUgyNzVj3/jU11LQ2L7oGetij+vbHlZX76xq8DKWpr81ZEBmoBdAYbpCYxNyP1f5FrrpdVHyu08sTLw+SK43z2VrY8/pGiC/Bg7M65lzGSJt5WbfMFuKetz0raNdxVnnb3wPpMJ/UeIhSjCcFK2Sd2nbl2kVOGXLZOTEEasSLli3cOZozSXPPKsiIJUHcCtHWjLWPq0dn/yihL/AJKL8JfwOo+LX1b1o6gnOjISwUIGY2wcxygLqYI3B3qv+J6xfg/uaR2/s+XWjNeT+onC3cSgXMtq8VMgs7zOe4/14B/SsPADspLonpdeC7Psbf3jZ89Jtd8WNWMReVgxwon0BssVvWyXJZGz6a7oxjX196s4waspcb6M0/H4OStGtHW/L5jd5rbMTcwN4ypEpa1DC3aRespAIlbrZt5cbxVo3S+Ga8+/9jWNaDXw1E/FEKxawYVBftvaYAZnIu9ZhaTNIkxmuG5sNAE03nWTrNvcaa8Ob+li8nJv4Qs4DAM0C8cspDl4eMlzPo1oKnWyRJaQBqpMUc66XV8OHDtzKOciRg7ha3LNmh3UOfrosBW79Swn9WOVZzSUsuSZ8X/UNKnCvGUcm1mvk/EsuGcfvYfRYdJnI3vyn6vvHdXPWoRqZ8TjwG06mG+HWPL7F1Z6cWD+kS5bPgGX2EGT5VxSw00fRUtr0J63RosFjEuoty2wZGEhh8CORHZXO007M9OE4zjvReRIzVBYRdePE0BgOl3Ew2IVRqlgiQObZgz+OgC+INenhKdo35/Y8OvjE8fCHBO3i1Y3mcESDIOoI2IIkEV51rZHtgaA8g4y6tfvMvqm7cIjmC519u/tr24pqMU+SPmtrtPEWXBL6/Qj8Mx9yxdW5bMMNO5gd1YcwfxqBVJwU1ZnLh60qU1KJvuld7OcM8RmtXWjeM2HYxNePJWdj66Et5JlfhbPVtt2u588sfCoLGzttCnun3CrAyIGv4/BNdJsW/Qq9H0nvvx/DbQVjV1Rhe8n3mqS/WRI76SgJdAYbpI2XEv35T/kUfKuuj1T5bamWIb7vkV300cxW26eZ0qHreLQrBnTaI58oPt86jddzWNWO7ZnfpaEksg1LGYVt1gesNcp1iQDJmo3XwLxrQz3o8XyfDt5a9vEXcv4dv8ApkaECJEbRJBM6Ty8ZqFGa4m0quFnrFr335+XfcRkw7aSU6zanMSVlI+qRtn+dTea7Su7hZ5X3c3z0y7OVxu5g7RjLd3cLqR6uvWI0jUDXaGHYalTlxRSVChluz42ztpz4fwwfhK5QRcBaJbQFR6+kg/qAfOiqu+haWAhu5Tz46W49vZYbfh1xGKhoiBoWHrDNyGkAHfs0mp6SLV7FHhKsJOMX8128PfK4zcwF0iZVhAbVgZDEhSA32oMeFWVSJdLGxV4zfPrc9PPh9CJdwN2YKmTIEENsCYhZjRTHh3VpGpG2RxVcPiJTvNNt9t+ffyyGLuAuje1cGk6ow0G522q6qRfExlha0dYPyZCv2O0R4jt2qcmUW9HUXwjil3CMTb6yMZa23qnvH2Wjn4TNYVaCmergtozoO3DkazDdNcMw6/pLR7CpYewpM+Qrilhpo9+ntbDyWbsRuKdMkykYcM7kQHZSqr3w2pPdEfCr08LJv4jLE7WpxjanmzKYeJGeSDM666855mde+vRs7WR8wpqVS89OJoeF8Vv4dcqqMRZHqwYZJ+rpMfske0bVzVKdOo7v4X8z6bD7Qko2mt5fqj9VzF8R6QYi8pt27Rsg6M5PWAO8EhQunPU9kVEKFOD3m79hrLaSatTi79qsl3/AGMpj1tqAiQxWcziYY9ijaB2866ouTe8zwa84ylrd8Xzf2K+36w8R8allaeqPS+K4Zrn0VVUkixr2ANbKSTyrxZ9Zn2NPqruHsFw1LKAOQ7CeXVBJnQHc8p+FErlyyzfm2Pcx91FqDNqtdDNjnRjEx6bvv3D7lHyrKrqjlg7uXezVYW/NZGhN9JQFvQGG6VsFxJJ5qp+Xyrro9U+a2tlWv2IqxetnsrazPKvBgbSnUfg0uOjjqJNnvqbjcEZKXG6TuE8Ke+SFIULux5TsAOZ0qk6igdWFwU8Q3u5Jasd4nwF7SekV1uINyuhHfEnT21EKyk7aGmJ2bUpQ34tSXGxSk1ueWxIcjYkeGmxkVNkFJrQ6MW4M5m8z379vrN5mo3VyJ6aondSfv8Ak4Mc4IIbUagwJ2I1Ma6M2+0mKnciyFiKqs09Pf1fdwHLPGbiqV6p2gkbEBVB030RfKodGLdzantCtCLWT+nuwXOkN0kZgpAJLL1grghgwYTzzN50/DxLvalWTW8lbiuff5g/SBiNUUmIJOXXqMugy6asG8QdpqPw65l/7o2s4r2u7xI3GOI27w0sqjZ2ctoWOYsYJAE+sBt9UVanScXm7mWJxcK0fhhZ3bv7t7RUxW6OK5w0JOK5GxI8DFQ7MvGUo6Owm9eZvWYnxJPxoopaGjqTlq2yJdqS0RvCCbiD9ZfiKrLRnVRXxrvRqulvSq8j+hsgIEVAXGrvlEgT9VdT3676xXHSoRa3me7Xxcoy3IcDWLcDBWGxAYeBEj5Vx6ZHqp3Vx28fzLfst8DSOpK1KAVszUp+jDlgxHO4x8wpqlbU4cM7xb7Wbjh6msToLHLQF3NAYjpoo+kCdjbX3M//ABXVQfwnz214/wCVPs+rKP6Mh2NdG8zx+jiTrdxMqKzPCjKUGts6syuRmGoLAkRrl31is2nd2O2E4bsYybssrflerT17c+Y6Gw8mFGxgsbkZiL24BMLPoYjUSeyo+P34F1+Gu7Lzvr8Xbp1bBdsYfk7xGkMqnQOdZU6nKg5at7KKUyZ0cNwk9Oa7ezuXiTOjNpi2ItetZOZWuTH2lBXtka93xpWayfE6NnQlepS1hmm/NfImrhFsYW+bb+mDgglYKjQqSYPIGT4CqbznNXyOhUYYfDVHTe9flpy/kz2FwltllroVuzTTrASZjlJ37I10rolOSeSPHpYelKF5Ss/3+3vgJfhogkXUIEn2BM2wJM7iO41KqPkQ8HG11Ne1fhcDwS4djbOuXRjuQCOXMEedT0yI/t1R6Nef7Ee7wi4OQPOQw+zm5xynyqVWiZz2fVXD18RluE3YBCEyFIy6yHXMNu7l3jtq3SxMvwNVq6jy07Vci3+HXF3RuewkaRJ05a71dVYviZTwlWOsWRbtkqYOkdvcY+R8qupJmMoSjk0Nsh3jfY9vhVkxZrNjZFTcCSKEiSKgsmNMKkshi7Q1iRG30qDoiGIDZusZPnVGdtOMuJ6T0YvZ8JZPYuT+AlP9teZWVps+hw8r0l70LbGNFlvD4tHzqkdTeOpnJZzkTfmeS957+6tJSSNJOyLjgnBVtKFUQB5nvJrGUm3dmEIKCsjR4bDRUFiV6KgJtAYr8oKlSl2DkAKluQMyAeyZrooNaHi7Xpye7JLIxf8ASY7a7FE+dcmhS8U76bpHSMWOJCm6T0oocQFN0npS84Bx6yq3LN4kW7gjMPqmIMx3fCsatKWUo6o9HA4ylGMqVXqy4lpZ4hhcNbuFL/pWcQFEHUAgTG3rak1m4zm1dWO2NbDYWnLdnvN8P49TMpjQBBVT3mZ9xFdG6eKqqStZe/E6cWn2fJvvBpusdLDl6gL1v9YeBU/dzpZhSp9vp+w4uKHK9cA8CO7k3ZHwqN3sLqolpNr33jmHxzIQFuggQRmz5ZUBVERyAEctB2VDinqjSnXlB2jPLtvY7/SN4CPSodNpQc55gTrTcjyLfiay/On5fsIfj90MZyEyJ3IlTps2Xly05761PQxZV4+qpcP48be+Y1b40VBHo7ZlixkTu+cjWdNSPA1LpXepSOOcVbdTz+t/2C7xiySf7MhHInLOjMdQFjYgezUmipS/US8bRbf+Jen2982MWMfh8oW5Ykjdl0JOcHaQIiRFWcJ3umVp4jDbqU4Z80OJiMETBtsqlgdiWy9fTNnPasQBtBneocavM0jPBN2s0vXjxv743M85rpR52V8iPeqTSJCY61U6YiC0nWqM76bN90HvTho+zcZfcrf7q4MQvjPbwbvT8S5xtw3V9Fb7s7clG8Dtbbw+OG9Y607FhwzhYQAAfjtNVILmzh6AmJboBeWgHaAavWFYFWAIO4OooCgxnQjBXN7AU9qEp/KaspNaMzlRpyzlFPwRV3vyaYU+q95fB5/mFWVWa4mEsDh3rBEC9+TEfUxTj9pVPwirKvMxlsrDPg14/e5Cu/k4xI9XEWz4ow+ZqyxMjGWxqL0b9CFe6DY9dhabwcj4rV1inyMJbEjwn6fuQrvRviCb4Yn9llPzqyxS5GMthz4SXqRbuFxaethrw/dJ+E1ZYmBjLY1daW8yK+NdfWt3F8UYfEVZYiHMxlsrEL8vyEf0sOZjxq6qw5mLwFZaxfkLXiY7anfTMnh5rVCxxHvqbor0UhX9Id9TdEdHIPpg7am6I6OR36X30uR0bD6RU3I3GcN4VNxuHDdqbk7okvQlRGLrVJpFEJ2qp0pDWbWs5O2Z20k3kjfdDuFXfQ5WBRWYuftGQoAHYIUa76+2vOrTUpZHu4am6cLPU3eA4eFAAECsjoLO1ZoCQqUAsCgO0B2gCgCgCgCgCKA5FAcK0Bw2xQCGwyncA+ygI93hNlvWtWz4qv3UBAv9EME/rYa1/CB8KAr735PcC3/Ry/ssw+dTdoo6cJapeRBu/kwwZ2N1fByfjVuklzM3hqL/ACryIN78lVv6uIuDxCmpVWfMyeAoP8vqyDe/JZdHqYoH9pD8jVunmZvZlF8yHd/JrjB6t203mKssTLkZPZNPgyFd6CcRX6iN4P8AeKssT2GT2QuEvQiXeivEF3w7HwIPzq34pGb2TPg16/Yh3eFYxfWw10fuz8KssTEo9lVewjst0aNaceKt91aLEw5mL2bWX5fkSeH8Ev3zCW2jtIIA9tVniYLTM6KWzar61kb/AKOdB1tQzjO/adh4CuOdWU9T2KOHhSXw+Zs8PgQKzNyalqgHAtAKigO0AUAUAUAUAUAUAUAUAUAUAUAUAUAUAUAUAUAUByKAMooDmQUBw2h2CgAWx2UAoKKAIoDtAFAFAFAFAFAFAFAFAFAFAFAFAFAFAFAFAFAFAFAFAFAFAFAFAFAFAFAFAFAFAFAFAFAf/9k='),
	(13, 12, 'Pacote de fraldas infantis, tamanho P, com 10 unidades.', 'Fralda Infantil (Pacote P)', 20, b'1', 'data:image/jpeg;base64,/9j/4AAQSkZJRgABAQAAAQABAAD/2wCEAAkGBxISEhUTExMVFRUWGBYWFhcXGBUWFxgaFh0WFhgaFxcYHSggGBolGxUVITEhJikrLi4uFyAzODMtNygtLisBCgoKDg0OGxAQGy8lHyUwLS0tLS0tMi8tLTAvLS0tKy0tLS0tLS0tLS8tLS0tLy0tLS0vLS0tLS0tLS0tLS0tLf/AABEIAOEA4QMBEQACEQEDEQH/xAAcAAABBQEBAQAAAAAAAAAAAAAAAgMEBQYHAQj/xABPEAABAwIDAwcFCgkLBQEAAAABAAIRAwQSITEFQVEGEyJhcYGRBzKhscEUQlKSorLR0uHwFRYjRFNUYnKCFzM0Q2Nzk6PCw+IkNYOE8SX/xAAcAQEAAgMBAQEAAAAAAAAAAAAAAwQBAgUGBwj/xABFEQACAQIDBAYIBAMFBwUAAAAAAQIDEQQhMQUSQVETYXGRobEGFCIygcHR8BVCUuEzU5IjNENy8RZEYoKywtI1Y3OTov/aAAwDAQACEQMRAD8A7igBACAEAIAQAgBACAEAIAQAgBACAEAIAQAgBACAEAIAQAgBACAEAIAQAgBACAEAIAQAgBACAEAIAQAgBACAEAIAQAgBACAEAIAQAgBACAEAIAQAgBACAEAIAQAgBACAEAIAQAgBACAEAIAQAgBACAEAIAQAgBACAEAIAQAgBACAEAIAQAgBACAEAIAQAgBACAEAIAQAgBACAEAIAQAgBACAS94AJJAAzJOQHagKWpyusQSBcMcW64Dj7pblPVKkjRnLRFOtj8PS96XmyC/l1Q97Tqu64aPWVL6tLmik9t0b5Rk/gvqes5bUz/U1fk/Snqz5ofjVP9EvD6jv430/0T/k/SservmjdbWg/wAku5fUBywpExgfPDKfWsdB1o3W00/8OfcOHlSz9FV8FjobfmXebR2g5aUp/wBIg8r6QcG83UxHRsDEewaqNqCdt5FuEsROO8qE7c3ZLxaEu5Y0x/U1viHf/wDR4rRyguPg/oWqeGxU/wDDt2yh/wCTEjli06W9cz1NHDieseKhliILn3FuOzqn5pRXxv5IQ/lswa29fKdzTpkTIOmRRV01ezJVsqT0nHx+gyfKBR/RVfkfSnrEeRJ+C1f1Lx+g7R5bsf5tvXdvyDTkNTqpFKTV1F2KVTD0ac3TlXgpLVXzXarZHlTlzTaYdb1weEN+lJSlFXcWbUcLSrScadaDazsnn221HBywyn3JdfEWOkf6X3G7wME7OtD+oiv8oVEGDRrAjUHCCPStOnXIsx2LVkrqcbfH6D1HlsHjEy0uXDiGtjxmFlVsr2ZFPZig92VWCfK7v5DNzy/bTzfaXLRxLWgeOKFh10tUzelsnpXaFWDfa791ht3lFpj81uP8r66x6wuTJFsSb/xI+P0EHyk0/wBVuP8AL+ssesrkzP4HP+ZHx+h7/KRS/Vbj/K+unrK5Mfgc/wCZHx+gh/lNogSbavH/AI/rLHrUeTN16P1W7KpHx+g3/KpbfoK/+X9ZY9cjyZv/ALN1/wBcfH6DtLyoWp1pVm9oYfU5FjIcmay9HMStJRff9C2ocutnuaHGuGTlDwWnv3BSrEU3xKVTY+Mg7bl+wvbK8p1mB9J7ajDo5jg4eI3qVSTV0c+pSnTluzTT6x9ZNAQAgOScuuVFWpcPtjZ87SpvgS/ouLd7hETwBWHSqy0hddqJKeOwFB+3iNyXH2Xl4eRW29dj/P2db0wNAMBPfDc/Fa+qVn/hrvRK9vYCOUcbL+mf0J9J9qNbGiDxho/0p6rWX+Gu9GPxvAy/3yXxU/miZSubYCDZ0oOsAenLNY6CqtaZstpYKWaxfe38xZurOINnSI4CkT/pWHSlxp+BYhjaMneOMV//AJEvmPW217amQWWzGEaEU3MI3ZHCNy0vu/lt8Cw6LrK3T73/ADp/MlDlJRnJjfB8rbp2RvYySu/keVNt0HmTRa4neWPcfHCl2/y+BjoFSVumS/50vmKpbTthk23Y3spuH+lbKEuEPAgnVo/mxK/+yP8A5D7b+juoN7mn6Fno5/o8CJ4nD8cQv6l9QbdUJ/mKcnU4f+Kz0U/0Gksdh9PWPFgy4oTPMU544Y9OFZ6Gf6DV7Sw2nrD8T1txRmeYZPUBPjhWVSqL8ppLH4SWTrt/BsHV6JMm3b3gT44Vh0pvWJtHHYWKtGvbvEuuKH6BvgPqrDpT/Qbxx1B6YjxY3WuLbfbg/wAIPh+TWrhL9Hh+xPDE03pil/Wl/wBwl17bAfzIHcB/trVu2sfD9ieFOVR5Vr9kk/8AuGLjaNk7Wi1/bgPrYtHUg+BZhgcVH3ajXf8AU8N/ZRBojs/J+vCsOpD9PkPUsVfKo/H6iRf2MZ0B3c2fTAWOlh+nyM+pYu+VR+J6y92fGdDL+AlOlh+nyDweMvlUfiInZe+1bHHCwla79L9Pkb9DtDhVfexqrV2QwSbSR1NYTn/Esb9H9PgSRobSm7Ks79r+hEN5sbT3JUAO802/XWN+h+nwJng9qvPpl/U/oNOrbHaejQcZ1DqcjxLsu5N+h+keq7Xf+L4/sPcnOUthZ1ot21GtquaHNioRmYB6ToyJ3LeFajH3StidnbSrL+2aduz5I6yrh50EAIDivKJ0X9x/eFdOh7qPF7TX9tPtJNGkSJDj4lTNnNim9GT6VB/Ge3P1rRtFiMJjhtn/AHj6FjeRv0Uxste3f6B9Czkae2hp1V/wj6lmyI3OfMSbl/wis7qNeklzPBevHvim6jKrTXE9G0Xj33oH0LG4jZYia4jlLaNQmAZ7gsOETeGIqN2RMdtNtFuOrUA7Y8AIkqtVnGKu8kdzZ+Er157lNb0uzT6drKS85fZ/kmA9bwB8kZ+kLnTx0V7qPaYT0TqyV8RNLqST8dPMrKnL254UuzBl65UPr0+o6n+yWEa96Xh9CTZ+UIzFWmB+0wAjvaRPpKmp4+LymrHJxvohXgt7DTUuppJ9+nkaOhtwVGhzS1zToQB9wV0obslvRd0eJxHS0JunVjaS1TRCvNp1BocuwKxGMTkVqtRPJ5EM7ZqfC9A+hbbsSDpavMbdtN51M9oCw4QeqJKeKxNN3hNrsdvI0Wyr61Fq6rXp0opkhzjTYSdCN2Z6QC5eLhTpyvZWPc7BxmNxdKMFUlKV2vefbz5Geu+XlkD+TsGu/eFNnoDXLmvEU+ET2tPZGNfv12uxt/NEb8e7eJ/BlGNJlvr5pY6ZW3tzL76iT8LrKW56076242/qJNty1sD59gGiQCWtpvAntA4HwRV6fGJHPZePXuV79ra+pr7C1sq7BUp0aLmmR5jRBGRBEZFWoxpyV0kcKvicbQnuTnJPtHzsK2P5vR+I1Z6KHJEf4ji/5ku8PxctN9vS+IE6GnyQ/EsX/Nl3mI5e7Oo0bizFKmynicZwgCYdTiY7SquIhGMo2R6DY2JrVqVbpZOVlld9TO0K+eSBACA4lyq/p9x/eH2LpUPdR4/aX8efaT9lSRAEqaRzKKbdkXFvRfpHqULki/To1ORY4IGYUd7su9G4xzRArVG9SlSZSnKJHe5i2zIG4DD2tW2ZE1EZdSCzcjcUIbbSYGqOVhGk5OyGdrX7LVuFoDqpGm4dbuA6t/pXPxWLVPt5HsdgejdTGSu8oLWXPqX3kYe9ualRxe92J3Xu6gNw6lxKlWU3eTPrGCwNDCU1ToxsvF9r4kR1V3FQtsvKCEGq7itd5iwguKXZixN2TtN9B8jNp85vHs4HrVrC4qVGXVxRwtu7Ep7SotaVF7svk+o3LKjarA4ZtcJB7V6WElJKS0PieKoTpTlSqK0k7PtIDmblMUNAwoYuK2mf/wA+uOFSifEkexcnay9hM9/6BTviZR+9H9Ch2BsJtwXtdVNN7W4w0sJlvRMzIHvtOsLkYfDqq929n2H0XaW0p4OKmob0ed+OeXHkaR2zaLKbrcscRME9GSd7xnuI+gFeghhKfQ9HbJ/dz53X2xiZY31netJackuXZz5lRc7ANvzTqNfHWqOc2nTFPUyGnMktyxb+IXEr4ToXbez4Kx7jA7ZWPi9+naCXtPe049T4cDX+SlpFvVByIrOBHAhrFvhPcfac70jaeIg1+lebNw0K0efPapyQHO/KIJu7Eft+t9NU8T70T0uwnahXfV8mdfV080CAEBxrlDRnaFxOnOewLpUX7CPH7SV8RJFtb1mUacuIaPb7So6tRRzkyzgMLUqtU6Ubt8ERq/KPD5rZ63GPQFRnjF+VHrsL6MVGr1Z26lmMHlPUPvWx2kLRYx8i1L0XptZVH3Ieo7bpP/nGFp4jpDxGfoU9PGx45HJxnorWSvC0vB/fxJnNtIxNOJvEZq9CopLI8niMFOjJxknl3iAQpCn7J4YQw7CdoXrbaniyNR2TQfWeofQFSxWI6NeR6j0f2NLGVbaLWT5Ll2v70MHd1S5xc4kkmSTvK4cpOTuz67h6MKMFTgrJaIgVio2W4oiuC0ZIJIWhix5CGLBCyLGl5IXfnUT++3/UPEg95Xb2XXunTfDNHzP052YozjjILX2ZdvB92XwLq8ZnPFdqJ80qqzGIWxELvWf9Dck6YqGmvnGY8Vydq/w198j3noIn63Jr7ykVPJ2o+4uGvqFxLGkPqScRDmilSYJynEWgcZMzC5OGnLpVPl/okfRNq0qdPCSpRy3tFyz3pPu7jV7T5JMfcTzjA6oHVM6ZP82WNJ87PN7V6OntLciqbXj+x88ngFO9a7sml33+jMty02XzLmFr3PAljicsNQHHoPNlj2EBcLaVR1am/wDA916N7kKLpWz95daeXg00a7yT/wBGqf3p+bTWMH7j7Sj6Sf3mP+VebN2xWzzx5UQHP+XYm+2eP7RvpqU1UxHvxPSbGyw1d9XyZ1xXDzYIAQHHuVdYU764cTADgT8VpV+nJKndnl8XSlUxbhBXbaS7XYydXbLq9QOdoD0W/BH08SuFWrurO/DgfWdmbJhgMOoLOT95839FwJF1cqNsuQjYYFwsXN90cZcrNw4lnY37qZlpjiNx7RvUsKsoO8Tn4vAUcTHdqxv18V8TR2N9Tr5ZMqcNzuzr6l1KGLU8nqfP9r+jtTDXqQzjz+v10JNGkMRxZBsl07oVuc92Nzz2GwzqVlC2fLyRkds3PPVC/do0cBuH34rz9ap0krn2XZeCWDoKmtdW+bGdlWdGoajapwnmnupmcPTbBAzyOU5LSEYttPkWcZXrUlCVNX9pJ5Xyfl2lE21dUcGUwXOdkGjU71Ck5OyOlOtClBzm7JashVWFpIIIIJBByIIyII4qOV07EykpJSjoxErUHiGAQEzY1fBXpn9oN7ndH2z3K3gp7leL+HecP0jwyxGza0eKW8u2OZubwZDtXqonwasiHC3IC0q0Kf4NqmsXtY6oySwBzgA5gEAkTmuRtJxeT0y8z3/obGrGSlTScm5Wvp7v+pUbO2nbWxZ+TDmNcXhwe/GHZtDniQ2q4DTIAYjG+dlgaVOkpuVrZ58SzU23jcXipUVBtv2bJZrPTNXXW79ryLH8ZKb7gVw1obTa5ge6pUEgyfNBgThPvTnhndG6wkJRVVSv2aFSe0a9GUsHKFs801m3wtk3nwt8yPtbbdtXxltPHiY1ry57wHRGGGAw1zQT092Y0OetPB066bUr3yyJ621cZs1xhKDi1mrrW+qT4q2udrrmaDye06DaD+Ye9zcZLsYAIdhZIBGRERmqVKEYXjF3szr7Tr168qdStHdbinbqd3nyfUa9pUpzD12iAwPLLPaWzh/a0/TVYqlf+JD74no9k/3PEPqf/SzrSuHnAQAgOCeVavhvK7B75zJ7Axh9ZamKqbuHUVxM7Bwiq7VlVekFf4tJL5mPs35rkI+jXui9bSxNmVLYgcrMZdQcFixspIS0lYMkinVKyYsiVRuFsmayppqzLp+3XPomm7NxgY95aNx4nTxKsSxMnT3WcKlsGlSxixENOXXwt1a9hGthUpEVRSLmQQcbCWOadQerrVJYiCla6vyudaqqdVdG5WfU80x+0sbZjBXuZDahPNUxiOQ3mMyO3q4rl4rEV6lR08Pw1fyzNKlbETl0VHVavr8hrbLfcJ561jDXYWtcZJp+a6WE/CHHSFvszHVJb0J+8srmKMFj0qWI/I7tfq4Z9jMS+SZJknUq4z0CSSshELUWCEFgQCqZhwPAg+C3pu00+sr4uCnQnF8YvyOjXY6PevZR1PzlW90hQtyqXnKa3wbIcOqm741RjvauDtCV1Jn1L0Sp9HUoR6m+9NmA2bs6nVZMOkZEhzBnOeRzPnN3DQrlxipI93Xqzo1MrZ9T+XY/AlDYtPgSJnN7JDeiYPXAfn1jtW+5kQPFSbTdr21s9c/2GLjZtJrHOIdkNzmOM6EEaRic3Q6A5rWyiroljVnUmouz7V5fBP4m38lX9Gqf3p+bTVvB+4+08/6Sf3mP+VebNyArR54VnCAwnKdk7W2eP22HwqA+xVa38WB6HZjtga/Y/I6wrZ54EAID578rn/c6vYz0spqDGe7D4nX9G0umrvrj5Gas6e9UEeveRbWlWMlumRSVy02faVKzwym3E4+gbyTuC3ScnZFatVhRjvTdkWe0eTFzSYXlrHACTgJJA4wQJHZK3lSklcqUdpUKk91NpvmZzGobnVsONqhDKTHqTxPEcFiWmQadjZ8otq1aYpPouHNuHAEHQgHgI4RvXnsHhqdRzhV95HEwWGp1HKNRe0ir5S0eepMrjItpsJb7yHGOhwIcYI4EKbBydKpKk+Lfblz7UXMDPoqkqT4t9uXPtQ1yne2jTs6b6fOYG4nMJLQcLQ0AkZxJPbhIWNme1XqVbZX+bYwcJVpVpQlu3yTte13fyMfta855+IUqdIABuGm3C3KTJG8569QXYqS3ne1uw7OEw7oQ3XNyzveTu/8AQglRFk8QHqAXbtl7RxcB4kBSUleaXWirjqm5hqkuUZPwZ0W+OQ7V7GGp+c8RoiPaUC97WD3xA8Vmct2LZFh6XS1Y01xaRpeX7QLCqM4HNacOcp6Lz+J/hu/3mfWdiK2Mgl1/9LMJU5P0s/ydwPPAypwM2tbILpIBOennZZBUnSjyZ6eOPq5e1Hhz676Lu7ObPPxepy2KdeC58zg82HYMwYydhBO8SRGUuiXJj1+pZ3lHRc9cr+F+zQ8bsKlnNO4AgkGacxDSCWmMpFSI16O8rHRR5My8dVyalHx6+PPTxNj5OrcMp12iQG13AB0Yh0WZOjKRplkreGVotdZ5/bs3OrTk+MFppq9DZNVk4Yt9QAIDC7VE7ZsBwz8C8+xVav8AGid/A5bOrv74HVVbOACAEBwLyyUY2g53EM+Y2PmlRYuN6UX2nR9Hqqjja1Pmovuy+ZkLOpuXOR7XVFlSK2NGbzkPU5u3uawHSaD8hhePSVZo5Rkzz+1Vv16VJ6P5uw9yD2hWq1KoqOc5mEElxJAcTunSRiy6lmhJtu5ptejSpwhuJJ34cjF3tk8Z4HtYScBLXAEaiCdclWaaO9SqwlldN8cxg2lVsS1wkSJBEjiOI61izJo1IPRoXTnesG+RotgXT3NdRNJ9akdWtBc5k72xpmqdfCSqS6SllNePac/F04RaqqSjLm9GTaWz4Ia+4HuemcZY6WPBGYa6mROv2aqlWnJX/s2qjy6u25DKvdb0Ye3LK6zXamUXKSpUq1TUcx7WnKniBHRGkTrqT3q9hcN0FJR7+06GBjTp09yLTa1s+JR17V41aRIxCQRI+F2das2Z0Y1IvR9Xx5do06wq4Oc5t+D4eF2H40QtXF2vYyq1Pe3N5X5Xz7iNCjsSnkIYsWXJy3x3NMcHYj/B0h6QFbwMN6vHvOD6TV+h2ZVfFrd78vK5ttojMDgPWvVU9D4Ji37SRZckrXFVL9zB6XZD0YlBi5WhbmdLYNDfruo9IrxeXlctOW9s+pZVm02lz+gQG+d0XscY64BK4+ITdNpH0LZFSFPGQlUdlnrpmmjA7M5N7SqwXVKlIZefUfi+I0lwOQ1hU4Ua0uNj02J2ns6llGKk+pLz07rmkp8hXYc7u4x/CxQJ/ckk/GVj1bL3nc4726t7KjHd5ce/9jO7U5I7QpSWVHVW6dF7mujMwWuOeZOQJ1UE8PVjo7nVw+18BVynFRfWlbvXzsanydW9ZlB5rNe17qpd05DiMLGycWerTrwVjCqSg97mcXb1SlPERVJppRSy01b4GuCsnEPKiAxtwJ25ZD9hx9FY+xVZ/wAeP3zO9hMtl1u1f9p1NWzgggBAcX8rlrjuqka83TcO0T9Ed6llT6Sg4lOji/VdpQqPTJPsd0+7U5zZjNcRH1JaFoxwWxob7ydva+lcUy2RLZGeYc1zT81WqGaaPO7aTjUpzWv0Y5bX3ulptbCnzLCPylRwww05GAJJcdJJns1BS31uwVkYnR9Xkq+LlvS4JfeiJtejjsbljrj3SWMPSDA3CWiQAR52YBlZedNq9yGD3MXTnGnuXel73v5FptHaRo1rZgYDzxwF2cgAtAAjrfOa3lPdklzK1DDdNSqTb93O3f8AQcoX4F261FNoYWGo4x5zjBMjQzKKXt7thKg3hViHJ3vb4FXXre4rOs+jDD7oqNmAYAeWjI8GtAUbe5BuPMuwj65i4Rq5rcXlfzZKNs2vWsqlVo53mnVHCImBTiQdwc+QFtZSlFvUh6WVClXhTfs7yS8fNIg8qtoNFrc07qtSdUOJ1GnTEuZ8DFv4S4gakLSrL2JKTz4FjZ1GTxFKeHhJR0k3o+dvoHlC5RutWNp02MxVmOa57hMMGWEDf5x1yHBMRVcFZcRsXARxMnOcnaLTsufPwJd9tpwoU7m3YyvaimRVoiA4CNdDk3QtjT0bOo91SjmuKIaWEg60qFduFS+UuH29UzjlaoC4kDCCSQNYB0E9S5zaPewTUUm79YjJYyNjW8gLMF1SqdwDB39J3qb4rqbNp5yn8DwHpxi1uU8MuPtPyXzLi5OJ5PXl2L0UVZHxqvU36jZqdjtFCgMpfU6cdR0k7hHrXFx+KUZ8+R7vYOBccMm8t7N/LwGrq9rHfh7APbmuPPEVZcbdh6SFCkuFxmhWq5jGR3rRVKn6n3m8qdP9JY0b94HSGLjxU8MVOPvZlaWHg/dyLCjVa8SMx6uoq/CcZq6Kk4ODsxWEbluaHoQA4oDGOM7etBwpO+bcKrP+PH75nfw3/pNZ/wDEvOJ1JWzgAgBAco8o/wDTwDvosPpermH908/tTKt8PqYXaezRSqz71/Sb27x4+sLk4uj0dS/Bn0b0d2j63g1GT9qGT7OD7vFDDR0tIVY7vA1nIfa9O3qPFV4Y17RDjpLToeGRPgpqM1F5nI2thZ1oRdNXafmR9icp2WlarrUpOJHR1gE4S2YnInLrWsKig3yJMVgJYmlHhJc/EnDltbNo1aNOhUY17SGZtccTgQS8l3ZpOiz00d1xSIVsqvKrCrOabTz7OrL6CdscsWVXW1Sm12Kl0ntdAEywwCNQcJzSdZOzXAkwuy5041YTeUtGvj9RVPlgz3b7pNJ4bgwFoLS7TUaDUJ03t71jL2VL1ToFJXve/Avhtqm2xdcmjzjXV6jmsfAguqOLSdRIUm+uj3rcTnepzljFQUt1qKTa6oq/Ix9PlfWF2Lp4xQCzAMmhh963gZgzvIUHTS3947ktk0nhXh45cb9fN+QvbnK2iaVWna2wpGvPOvcG4iDmQAJ1k78pOSxOsrNRVr6mmE2TVVSM8RU3tz3UtPv7uecpOVVvc17WrzTnMpTzjHhsGSMhmQ7TfkclirXjKUXbQYHZdfD0atPeSctGvvIudn7c2Xa87WoVan5QZ2+F2EO1yBbDeHnECTCmjVowvKL14HPrYHaOJ3KdWK9n891e3fn3XOf3VGkKbHNfL3TibGTez1Z6qlJRtdHp6c6rqSjKOS0fMhStCxc6Nsm2NvbNbo45u/edr4DLuXqcFQ6Omo/Fnwr0l2n61iqlZPL3Y9iy/ck7JsjVqtZu1d2DX79auVqm5Bs81gMN6ziI0+Gr7OP0NbzWIk8fQNwXkmt+Tkz6lH2IqK4HpsQVnokzPStHn4NCdCjPTM9NmBvCz0djHSXPbNjWPjEOluW9C0J2vqa1rzhe2hZEN4q+UhMBAIeEBi2f9/tf7p/zbhVZf3iP3zPQYf8A9Iq/5l5xOpq2efBACA5N5VBF8w/2LPn1Fdw3unndsfxV2fNkF1g24oRvGY6nD2H2rGJo78d3uJth7SlhKyrLTSS5r7zRkKzHAkEEEEgg7iFwZJp2Z9cpVIVIKcHdPNMjVAVqSoSGLBkn7J2abioKbS0EyZdO4EmAASTloBK2jHedkRV66owc5IsH8narc5YejXf78GLeMeTmgyZynvhZ6N+fgQxx9N8HrFcPzace8n/inWxYGPpPcHhjw0u6Bc0vBdLRlDTpPBbdE72IltSlu70k0rXWmedss+fMl1djXTKT6TqzBRbgqYXFzQ4vxYYDm4gcTCIMZ+Ky4SStfIjji8POpGpGD33dXXC1r6O1rPVXEfibWL3MlnRAJP5WOkS0DzJMkHMAiBMp0LvY3/F6Sgp2efZwz5+GvUV97ycNNhdUdTYZdFMu6bsLiwloAgiQd+cFaOnZZlqltBVJ7sE2ss7ZK6ur/DqKV9m06KNxR0VUZHdZ8FruG6qIaNsVruG28i35K7HNauCR0acPd2+9HeRPY0q3gqG/Vu9Fn9DzfpRtL1XBOEH7c/ZXZ+Z92XxNhtB0ugaNy7969RTVlc+FY2rvT3VojScmbDBSNQ+c8ZdTRp4nPwXPxlS73VwPT7AwfRUullrLy/fXuJLMguCtD1j1HQ5SJmjR7iW1zWwxcg7lHUJKZXUnHnWfvD1hQ02+kXaWJxXRvsNHAXYOSehAJqoDGW7Z2/b9VF3zaw9qqy/vC7Pqd+g7bIq/5l5xOoq2cAEAIDlnlYZ/1VJ3GlHg559qu4b3Wee2wv7RPq+ZW7FrEDq3qzNXRxMPVdOY7tzYoqDnWCTHSA98OPaPvouViqG97S1PoPo/tforUJv2Ho+T+j8H8TLXNn1LmtHuozIL6ELSxMmPWdw+k7E2JiM2tcCDqCHAgrKbRrUpxqR3ZedvIt2coa7mua6pIfjxS1k9MQ4AxkDwHBbdI3xKvqFFNSUdLWzfDTiWF1t2vVfia8MhweA0N1AwiTEvykdKdVs5tu5DSwNGnHdkr5Wz7/h8BoOuqgfhjD0HPwtpsYObks3ADMnLf1rSUmiXdw9Nq+uaV2289ev6CKm3roZkiIw4ebp82YOLzMOGZMzErLnI2jgMM8lrre7vy1vfqEuu7g27g4twQ5wljC7C44nBpiWgvLMgRrOir+tR3uivnnw+P3YdHQjXTis8lq7X0V1fOyuZx943rW+8jrKmzz3Y3ifBa76M7jFsuWneD3GfUs71zSS3VdnQNm0W21uBlzjs3Rn0j7AMu7rXoMHh9yKT7WfGvSTbCxNaVSLyXsw7Ofz8BeybPnqgbu1ceoa95071erVOjjc8rs/CetV1Dhq+z99Da3NVtNkxkIEDw3blxKs9yLk8z6JSp7zUY5EB56MhUOBbXvGUtOUVd1y+ibaq1rROM6GYjLDG8bzv4FZdN7u9f4Et4727b4l9Xui1hdmYBMASTGeQWmdjVRW9YzewOU9a6kuoVKTcRaMesgT0mwCBG/MJUhKPG5vDdlfJrtLOpULXtdEhpxHuzUCluSUuROo78XHmamnmAV2lmrnFas7DzVkwIqIDI7LbO3W9VAn5w9qrf7wuw70HbZEv8/0OmK0cEEAIDmXlbb+VoH9lw8D9quYXRnA2yvbj2Mptjjoq49DzsfeZfbPfGR09SgqRudLCVdzJ6Fdyg2RhmowdHVwG7rHUuXXo29qJ9C2NtXetQqvP8r59Xby5mWrUgqTR6qLYxzHBa2JN4R7nKxY3U0O21Nxc1oyJIA4STA9awYnJKLb4Gz2zde5a1CiyW06Ya8kZuc4ky45iSQI7yo571nu68Di4Wn6xSnVlnKV11JHrdoUqtNzXUKtRrQ+p8EDpVHSemNA+MsznwES06iVNRqamHQq05pxmot2XPgly6uP1CtZUnU8Is6pBaDGPeXZCeckiROR3neDG3QU3Lf3M/vrMRrVYz3nWV+zq/wAvw/a18ptrYlWq5vMWwbSGTDAa50xOMl5npTGehWs6blosjsYXGUqafTVLy48UuzJcNTM3Fu5ji10SMjBBg8JCgcGjqxmpreWhf8kNjF7ueeOg09Gd7hv7B6+xdHZ+G3pdJLRadp4j0v2z0VP1Ok/al7z5R5dr8u00ddxe7LTQL0UVZHxuvVdSWWnA2vJ/ZvM08/Pdm7q4Du9ZK5uIq78stEez2VgfVaPte8838l8PMtHNBBB0KrNJqzOqm07orm0RTGE5iXEHtM+1UXDo8mXHPpHdDdw5u7Naya4GYxZHBmMj16fSo0yRq3Eda0EZLfJo0zTGLfZ/OPa4+awkxxJER2QSsUsP0klJ6I3qYjo4OK1ZdrpnNPQUA28oDM7BbO23/s23+po9qrL+P8Dtt22T2z+TOjK0cQEAIDmnlgMOtuvnPRg+lW8NxOHthXcPj8ig2G7JXHoebS9tl9ZAucAN5AHetJZIuUVeSitWXVTZ9ZrTvA4GfQVWVSDZ13hsRTjfguRkNq7EBJfTEby0ado+j7ilicLb2oaHrdiekHSJUa79rg+fb1+ZRNs3lwa0Ek6AdWfgqKi27I9XKvThBzm7JatlrQ5O3JE4R44vS0EelSqhU5eJzJbawaeUm+tRdvIi3NE0n4agwuEEQRx1EdYPgopxcXaRdoV4Yinv0ndafVGquKVHaLGua8MuGCCDlI3905g7pUMnZ3ObTlUwE2mrwf398yq5q4twWPpFzQ17BuAD/O6TRmq1SEakrxnZ5eHUXN6jXe9GVndPu0yYzT2q4QBbsJHAOPVp99B1zcdaMVnY3lhYvN1H4ff33euujTa59ShTpg5sDi4OyDRDGaxLZk5Z79DAsZCUt2mt7s0Xx0MdEpyUYTbfG1rcc2/pyKy1tBd1sqbabBGLCAIHbqXEzr7Fdo0uml1Gu0torZmHu5b037qfn1JGjvHhoFKmAGtAGWkDQBego01FeR8a2njJ1ZyTd23eT5v7+hYcmtm4jzrxkPMHEjf2D19ijxVa3sL4lzYmz99+sVFkvd7efw4dfYaaVzz1R7KAauqWJsb1FVhvxsSUp7srmb2zb1H0i2k803jMERPZmufxzOlTcb+1ozHUrLaBIay4qNeXCXF2INE59FwgyOOiymr6F6rCl0eTsbin0GgOcXRq4xJ8MpUbyKHvPJD1ntloGHm3d0fSrMMVGEbWZFUwkpO+8izoXjX5AweByP2qzTrwnktSpOjKGo+piIZrFAUfJhk7Yru3C2A8XUz7Cq8f477Ds1HbZUFzm/BM6ArJxgQAgOR+Xt5a6xc0wR7oz/wMjxCiqVpUpJxOhg8BRxtOpTqrlZ8VroZ7kttJtQRo4RI9EjiF1MPiYVo5a8jxe1NiYjZ1a81eD0ktH9H1Gy2S2ajM4hzfWFvUfsso4WN60e1eZqjTwVn1C8QQBg99oN3d6VTu5QUUj0TiqWIlVlJZrTjwKAh4MxpmrWTyOJHfjK9i2sqFJoyAAMHKYxTmSPBU3Dd0R6BYh1Ut+TaSSWf33ser3pDnNwGQWtAyOLFMQZyENJzRU7q9zE8W4ycd13TSSyzvfr6uJAv6TalCocMS2piByhwmZzIMHf2LWrG0WnyLGAq3rQnHJ72fbezT4HNRbPbmDpoRquXun0LfjLJltY7bvJaxtRxJIaA6HSSYGbhPpVWeCpTd3HMqVcJhrOTja2Ze7Rtdo4W4ajXYvgYWHuLgJ7lv+D04/lv8TlYfGbOk/aVuW9fMpmckriqcVSpTaSc8bsbuAPRkETI13K3DBySslZFue38HS9mnn2ZLP75F3Q2U6ixtOkBmYLiW6mAXOjfMDTh1LsUI06cbfbPnm1cRi8ZVdR2vLLXKK4c3++uZ5R2C/EC57cPnOjFOEAExI1zHWJViWJVslmcelsabmnUkt3V2ve2vLXyuagOa1oGQAGQ0iN0a6blz2m2esjKnCNlklw/Y951skSMo38ZgduRyWN1m3Swva/39oTUrADx0BOmuk8Fq1LgZdWEc2+7PyI1WXHXqVKcKjeaZbhUprRoj1qLtQo3RqciWNenxaECnUIyDNxkScjoRln4rZ0KsVoYhiKE3k+s8Gzyc3ST99y1WGk1do2eKiskxxlmB6PTP0FOgst4x093ujnuaVpuJmd9olW9QeaTmPSrlGrdbsnmV6kLZrQ9uFYISo5HCdpXh4U6I8ZPsUEP4svgdWu7bPpL/AIpG7Vg5QIAQHIfL/wDmX/sf7Cq4ngd3Yms/h8zBbCEAOGoMjuVejNwkpI72Ow0cRh5UZaSVjoOw73GWuZqDJB3EZwfBehU41IXR8cqYSthMT0U17Sfwds7mmdXdUcXQMwDAI0jL1KNJRVizOVSrJytyf33CRXByW9iNTHadSD1b+/LxWrVzaFTdZNc0POMOGLoEZEiWyM43HEotMrF7Ko+kTzyenK/ncz3Kas5tPmwD0iXOfulxkgRpw7J45VsTJ2skdzYVCHSb8pJtNu3W9X8OHiZMVCNVTPXWvoPWdQ86zABjxtwzpikR3TCxxyNaqXRy3tLO/ZY39xUqxTAa0tIgkvDYHROQLcxkNYOnFdFb19O08JJUXBtyf/CrLNZcb5cP9RFxV1LWyTGQeAIgjUiMwPbopUuD8ihUnleKu+V0srNdn3fQbNYlmYa2CPftPRaACctcjolrP9jG85U80lmvzJ5K2eXVwJYw4TDpGHCRlIxANPzfWtLu5aUIbrs7q1u+yfl5iXlrhlOZGQAzGTgROghvoRNp5msoQksuPV8VbuEk0zpUGYDfeyASTnJ11z6jlqs58jVqm9Jaq3DR3+7+Gp7zjRkHjKfgwBkIEnLURPXlEBRtyze7+5KtxWiprj2LRW17voNsoNIgSPe5dJw1cWzOuu7unNI1Jy1jY1lh6cVaMr52yzfF21++0WWNJBLmnNrtGjPKBmcgQBl2pvyWW6zPR05WbmtU9O7y0EGiwRLxAyB6M54A7OeAjqDuoLZTk3axpKjSik99cuF+CfgrdSYCm1sdNoiMzByMAHN3p0z0RTk/yh0qcLe2uH0T18dOoefUiYI3k5gdXhkBKrVYzaVkX6U6abbl96dxnW7TLar2OJkHQ9cEd0FcjelGbUjtdEp01KJaNqNOZKlunqV92SyQ/QuZyd3H6VboV23uyIKtGyuiFyFM7Q2h2W3zCpaf8WXwLeKVsDQ7Z+ZvVYOSCAEByHy//mX/ALH+wquJ4He2JrP4fMwewvN71VgelnojQ2DSHS1xaeI++asU6koPJnJx2DoYmNqsb9fE0Vre1R54DxxGEH1K5DFST9o83ifR+ju3ou0uT0ZcW9VhEgev0q7GW8rpnla1GdGe5UjZkkALJFZCSDxQ1zWaPeenJ0H77wtXC5PTxLi8+9EC52JRfmOj+7EeB0VaeGi+o7uG29iaatdSXXr3r5iLfY1Kk4PJJLSCJMAEZgwEhhYJ8xivSHEzi45RXV+5Mr7Z3BhIAjN0ZZZebMZDrVpUObPO1dqWyjG67bfLTxGW7VfUdAoy47sU6CNC2IjX2LLoqKu5ZGkNpTqzUY0rt9fw4rlqXzbOQ0mQ4NjokGMoykZ5ZTCqOZ6COHuk3k7Wy/dfIW21ABGcHLdkMzll1lauRJGjFJo8Fk2IIkZZGCIAIA00ElN9mFQhazz7fBCXWYEkl2YIjKADi0y/aOqxKruq4WGTlq88uzXq6yDcBrYdDjhEDNogREebnlxVd41r8pNHZsZSXtPLQTsu+5wGGuZhcYzac4gx0YA6XDVarFt5uJLPZ6p5KfG+mmVtCcy1bAAxZaZjKdYMSJU3rLfAq+oxjkm/vUcp2wbx97OmeGC3d1LLrvkI4RR0fLw0PPcwmQSM8XvTn0Tw/ZH3iHrHND1TO6lxv5fT7ys0bZrRlPHPiND2/fJayxXUIYBLJMiW1BlV9Vr2yHBmuZ6MtmePWq9PdqynvLU6Mt6jCG69MiBY7Leys8PdIbAZ2RMxuP0Kq6O7OxblXUqaaWpYPpQD3reMbFdyuV3IBx/CN91soEnrDR9J8Faov+0l8C3jEvUKPbLzOiK0cUEAIDnHlx2eX2VOqBPM1RPU2oMJ+UGeKr4hXjc6+xqm7Wcea8v2ucp2K+GlUonrZK6RfWlWSpUytOORctvmN1cPWpN5FR0pPgKZtkNMtcto1XF3RBiNnQxEd2pG/n8CwtuUDXZHI8d32K/SxUJZSyZ47aPo/icPedH2o/8A6Xw4/DuJ4uSVcsjzDlLQUCTvQxmxQY3imZmy5npYzeVjMy1Dix61sW1DDe87h2rEqm6syWhhVXlaH+hoLKyp0hDRmdTvP2KnOo5vM9BhsJTw8bRWfFknE1RlkMbUAYmoBi4e3SVBVktCWmuJSbUrNAg5epVZWLtJMdtKIbSpxvk/GzHoUs42hEjcrzkTacrEbkchzNbmh4QsNGRqqFFI3iU7K7qdVzsg3BBJ3EkEduUqKFV022WZU1Uio9ZMoTqTmc/tWU23dmkrLJDjxIidyngt52IZOyuHIfZ2Cpd1yI52oxrettJjRI/ic8fwqzTjaUmb4qtvUaVPkm/i2/kkatSlEEAICLtSwZcUalGoJZUaWu457xwI1HWFiSTVmb0qkqc1OOqOVHyNVW+betjrpFvqeVUeF6z0Edv2VnDx/YU3yQXA/PW/Ed9ZPVXzNv8AaBfy/H9hY8klx+ut/wAI/WWfVnzMfj6/l+P7DjfJRcfrzf8ACP109Wf6jH49H+X4/sK/kruf18f4R+us+ry/UY/HY/y/H9h2h5Mrtnm7R7uaJHgX+pT0elpaSy5M5G0ZYLHK9SjaX6ouz8s/jcn0+QVzHSvWk9VIgeBeryxXNHmJbEjf2Zu331jn4h1/1wf4Z+us+tdRp+B/+54fuKpcgqsjFdkjeBTgnvxGFh4p8EZjsON/am2vvrL632E5jQ1tQAD9n155lVZScndnapUoUoqEFZDn4Iqfpfk/asEgfgd/6X5P2rAD8Dv/AEvyftWQH4Hf+l+T9qxYDD9gVCSee+T/AMlWnh3Jt3J41klaxAvOR9Sp+cwJE9A6b/frT1R397w/cnhjFFe74/sWNzsJ7mgCqGwQR0dwBERPWrFWlvxsnYrU6u5K7VxVPYtUf1wP8H/JQrDyX5vD9zd1ovgO/gup+lHxftUnQvmadIuQHZVT9KPi/asdC+Y6RchL9kPP9aPi/asPDt8TKqpcCpuuSNZz2uFyAA7ERzczlEecofUpXvveH7luONgotOHj+xOPJw5/lNRhORzGcRnlqVJ6oufaQesvkKPJ85HneloThOY10nitlh7Wd8zDxF01bIubaiGNDRuH/wBPirJXbuOoYBACAEAIAQAgBACAEAIAQAgBACAEAIAQAgBACAEAIAQAgBACAEAIAQAgBACAEAIAQAgBACAEAIAQAgBACAEAIAQAgBACAEAIAQAgBACAEAIAQAgBACAEAIAQAgBACAEAIAQAgBACAEAIAQAgBACAEAIAQAgBACAEAIAQAgBACAEAIAQAgBACAEAIAQAgBACAEAIAQAgBACAEAIAQAgBACAEAIAQAgBACAEAIAQAgBACAEAIAQAgBACAEAIAQAgBACAEAIAQAgBACA//Z'),
	(14, 15, 'Lata de leite em pó integral instantâneo, 400g.', 'Leite em Pó (Lata 400g)', 15, b'1', 'data:image/jpeg;base64,/9j/4AAQSkZJRgABAQAAAQABAAD/2wCEAAkGBxETEhITEBISFRUVGBMVFRUWEhYSFxUSFhcWFxYVFRUYISggGBolGxUVITEhJSkrLi8uGB8zOD8tNygtMCsBCgoKDg0OGhAQGzEmICUtLS8tLy0vMC0rLS0vLS4tLS0tLS0tLSsrLS0wNS0tLS0tLy0vLS0tLS0tLS0tLS0yLf/AABEIAOEA4QMBEQACEQEDEQH/xAAcAAEAAgMBAQEAAAAAAAAAAAAABQYDBAcIAgH/xABOEAABAwIDAwcHBwgIBQUAAAABAAIDBBEFEiEGMUETIjJRYXGRByNygaGx0RRCUmKSssElM1RjgoOUsxYkU3OTosLhFUN00/AXNKPD0v/EABsBAQACAwEBAAAAAAAAAAAAAAACBAEDBQYH/8QAOxEAAgECAwMKBAUDBAMAAAAAAAECAxEEITESQVEFExQyYXGBkaHRUrHh8AYVIkLBI1PxM2Jy0oKiwv/aAAwDAQACEQMRAD8A7igCAIAgCAIAgCAIAgCAIAgCAIAgCAIAgCAIAgCAIAgCAIAgCAIAgCAIAgCAIAgCAIAgCAIAgCAIAgCAIAgCAIAgCAIAgCAIAgCAIAgCAIAgCAID8JQGJ9VGOk9g73AKShJ6IxdGF+LUw3zwjvlYPxUlRqPSL8jG0uJhdj9GN9VTDvnj+KmsNWf7H5Mw6sFvXmfJ2kof0yl/iI/is9Er/BLyZHn6XxLzR+f0lof0yl/iI/inRMR/bl5Mc/S+JeaH9JaH9Mpf4iP4p0TEf25eTHP0viXmh/SSh/TKX+Ij+KdEr/25eTHP0viXmj6G0VFwq6b/AB4/isdFr/A/JmVWpv8AcvMytxqlO6ogPdMw/iouhVWsX5Mltx4mZlfCd0sZ7ntP4qLpyW5mbozNeDuIPrULGT6QBAEAQBAEAQBAEAQBAEAQBAEAQHKPLzjFRAyjEE0kYeZs+R5ZmyiPLcjW3OOnaunyZGLlJtJ95orXsjkEFZJMbSvc7vcXe8rvxq7OiRzq7cUbv/Dm/wDjQtvSZFLpMjXqAGdvsWVXbNsG5moa8fRP2v8AZS5w38w+IFePonxWdsdHfEyx1QPA+KxzhCVJo3YoL8VHnitKpbcZfkX1vYnPEee7DFLDl4pzxOM9rcR8tVbh7f8AZSVRlqNK+8+GTBx6I96y6zRJwcVqSNPTgatJafq81apVm9Ss60kyw7H4xUsr6ONlRPkfNE1zTK5zXMc4BwLTpuuudjIwdKT2VpwLeFqzlJXZ6LXmjrBAEAQBAEAQBAEAQBAEAQBAEBQvK/s1HV0rZHPe10B5lrFp5RzGuzA6ncLWIVjD4l0W2le5CUFI5HgeyEjpMrZWetpHuuuguVFvj6/QrVcJtqyZdP8A0vrbXbJTn9t4/wBK2LlSlvT9PcoPkypuaK/j3k8roxdwhPdJ8QtkeVKPb5fU30sFOGrRTKjA52kgtHqcFtXKmH4vyLPMyMTcJm+h7QpfmeG4+jHMyJCh2dqnEZY7/tN+Kw+UsPx9Ga5YebLdQbCYi4C0H/yM+Kh+Y4fj6MpTwFZvJepujye4l/Yj/Fj+KfmVDj6EPy6t2eZo4lsHXtBLo2j94z4rH5lQ4vyNtPAVU87FSq9nKhpsQ37QUvzWguPkXY4eSNzBdjamZwDTEO9x/AFQlytR3J+nuJYaTWpd6byX1FudPCO4Pd+AWl8qw3RZo/Lm9ZG1sfsIxtex0kznGHzrQ1oaC9jm2Dr3014W3KrW5QdSLio2v239izRwipu97nYFzi2EAQBAEAQBAEAQBAEAQBAEAQEBt0P6jP8Au/5jEBzPZf8APDvQHZKY80ICubX9AoDkOJDnFAakIQFmwDpBAdXwQ80ICWQEBtKeYUBybFukUBL7H9MIDpQPN9SAhtmv/eS/3bvvMQFwQBAEAQBAEAQBAEAQBAEAQBAEBTvKXiYZA2EHWU3PoMIPtdl8CgKJsv8AngbX1QHZKQjKEBDbT02Zhs4etAcdxphY46A+tARsVXr0B4oC0bPSguG4etAdTwiVgaLvCAkjVM+mEBB4/LGWnzg8EByrGJgHG1j6kBL7I1LMwLjbuCA6TTyMc3TVAQkEop61p3Nk82f2iLH7Qb7UBdEAQBAEAQBAEAQBAEAQBAEAQBAcg8oVQ59bK0m+Tk2AdQyB1vFxPrWbWBIbEYSSQ6ywDpMcVhZAV7aN1mlAcgxyTnFARDDqgLBggNxZAXzD432G9ZBvGJ/UUBG4jTPIOh8CgKHjNO4E3B8FgH7gJIeEB1LByQ0X96zYGptTkLLki4SwLdhE5kgheTcvjY4nrJaDdGrA21gBAEAQBAEAQBAEAQBAEAQBAedPK0S3FaktJB8zqDY/mY+IXdwCUqSTX3cpV21K6MGze09bF+bqHgdRDX/eBW2rhaL/AGr5EKdWfE6DhG0GNzMzRRCVv0nRNYD3G7QfUqNSjhYu0nbx/wAm9TqPQisfkxlzS+Shu29uYxznXP1Gvc63bayzHDYOTsqny9iLqVl+378ygVuLFry2WINcDZzXEscD1Fp1BVhckQkrxm/mY6TPfExMxZo/5Q+3/sn5Mvj9PqOldhL4btXyZBEN/wB7b/So/lH+/wBPqYeMtuL5s95QpZXCOGiEjyDYfKmt3C5uXR2GnatNXk6FJbU52Xd9SUMTKekfX6GV3lUf+hN/iD/21L8sXx+n1M9JfD1+hrSeUSrnu2Cgc8jeI3SSkd4azRHydTj1qlu+y/kj0mT0j9+RRsa2nqC9zZYQxw6TXh4c09RabELfDkqjJX2m+631IvFSWViLj2gmBu0Rj9k/iVt/KqC4+f0MdJmTdLtZWkACYtH1WMHttdQeDox/b8xGtOW81sRrJZPzssj/AEnlw8DomxGPVVid29T0HswLUdKP1MP3GrhVOu+8trQk1AyEAQBAEAQBAEAQBAEAQBAEB528sI/KlR3Q/wApi7vJ/wDpoo4nUy+SzA21VQeVF4ohneODiTZjD2Egk9jSpY+s6cMtWRw0dp5neYowQNNOA3ADgAF586B9tiA3NA7ilgfEkJvduUOOl8tjbvWbu1gULaLyXUs8z53SzxuebvDOTcwu4uDSLi+86ro0OU6tKChZOxpnQjJ3Oe7W7HSYc+OVrhPAXAh5ZYB4N+TlbcjXv113LqYbGRxMXHR/eaKVai6dpLM26/FKjESwtpgeTGXzELnb7aOyjQaaDhcqFKjDDXvLXiyTm6tsvItGy/k5fJZ9aTG3hELZ3D6zh0B2b+5VcRygo5U8+03QoN5yOheZponZWtjhhaTZoyjQXJPguS3KpLPNstZRXYecdr8cdWVUk5GUOsGjiGN6N+34r1WEocxTUPPvOXUqc5K5BtVmWhFkxh+5VJk6ehtz7lXkb0ejcBFqanH6qL7jV5+fWZcWhvqJkIAgCAIAgCAIAgCAIAgCAIDzz5Yx+U5vRh/ltXc5O/0ylidSz+ROIchUO4ulY1x+qxma3+Yqtyq/1xXYTwi/S2dExbEJIvk+QRnlJo43Z35LMdfodbtNyoUoKV77lcsSbVhgO0EFWDyZyuaXAxuc3lAGm2bKCTlNxqpVqEqWvnuMQqKWhKskabtDgSN4uCR3harMmfh7CCsAjMcq46aCWd7XFrG3c1oBLtQLWOh1PFbKVN1JqMdWRnJRi2zPgk7JoIpo8zWSNa9rbNaQHC9iG6XWKsHCbjJ5oRkmk0YMdxR8OVkFNNPK8HKGjKwdskp0ap0qUZ5ykkvXwRic2tFcitv6xkOH1OYXL2GPr50gyDwv7FPBw268UuN/LMjXls03c86Sr1aOVExNSWhNkxQblVmTp6G1PuVeRvR6RwcWp4P7uP7oXnpasuo3FgBAEAQBAEAQBAEAQBAEAQBAefPLMPylJ6EP3Au3yd/plLE6k/5FZ7xVUfU+F3qeHNP3Fo5Vj+qMvv7zJYR5NF1203UXZWU/+pVcL+//AIs31N3eUyKrhhoK4xGNteDMzqmEGdnKWO8ANDz+yepdDZlOtDa6mXde2RWckoSt1vUjcPp6KKuwz5C8Oc+CV1Q5shcTK6CQ2eL2abg83S2l1tqSqyo1edW9W8/vMR2FKOzwIaLDWMw6gqo3SsmfUvgL2yvaRFztGAGzd3DrKsSqN1503ayjfTfkY2f0J77k3XQfJpsao4XP5BtO14Y55fz81Oc1zx847Xt7FWg+chRqS12vcxPJzitLG7R0gpW4TNTyyctOWZ2Z7gsJaMuXg3XLb4KEpc46sZLJGYrZUGnmz9rJ5ap9W+Rkj5GyOax5q2QR0rWkgXY4jdY3PG3XdIqNNQSeVuF2zLblf30OiR4MyakZHUFk4fHHyjgSWyuyt84141uSAQ4d65TqOFVyhlZ5dnYWlFSjaWZxHyl7MxUM8Ygc4xysLw1xu5hBsW34jdb1r0GAxMq8Htaoo16SpvIpzVeloaWS9BuVWZKnobU+5V5FhHpXDB5mL0GfdC89LUumysAIAgCAIAgCAIAgCAIAgCAIDgHlqH5Rd2xRH7w/Bdrk7qeJTxOo8kNdkqnRk2EzC0emwh7fYHeKlylDapp8GQwrtK3E7VPWxR5eVljYTqA4ga9l1xIxk9EXm0tT5FNBmdJyUTnPGV0gY3M5p3gniFnbla18hsq9zTpsCw9jmvjpYmOZmylsQaQXjK7d1jRTeJqyTTk8+0woRWiP12ydC6GKD5O0RRP5WNl3NAkuTm0NzvOh0Uliqu057WbVn3DYja1jJJszSPlnmfCHPnYI5SS4hzBl0y3sOi3UC/NCLEVFFRTyTujDpxbbtqY8F2KoKaTlYYbPF7Fz3yZe1ocSAe3epVcXWqR2ZPIjCjCDukZcS2WoppOUlp2F+8uu5tz9YNIzetQhiasFsxlkSdOLd2jcq6uKGLeGsY3Tc0Na0eAAAWrOT4tk8kjzvt/tD8tqnSN/NsHJxj6oJ51u0nwsvT4HDujTs9Xm/Y5lartyy0Ky3erktDWyWoToqsyVPQmsXoDDEwSC0sg5TLfVkVrNDhuu7U9YyjrKpKptt20WXj9CzayzPRFCPNx+i33BcN6lwzrACAIAgCAIAgCAIAgCAIAgCA4H5bR+UP3MXvk+C7PJ3U8SnidSp4LM5jmvYSHNIc0jgRqCr9RKSsyvTdiw19fJO8yTOzONteoDcAOAWinTjTWzE2yk5O7MuBbXz0Lxl58JPOiJ072H5p9h9qzWwcK64S4+5CNd05dh1zZvaylrGjkJG5raxPOWRvq49+oXDrYapRdprx3eZfhUjNXRNyyuHzD71pJmBs7/AKGnabID5lq3DpEMaN/WsArONbdU0Vw1+cj5sZzG/a7cPFWqWCrVN1l2/dzXKtCJz7bfFa+eJkszHMppAHMykOYRwzvHHsdbu0XWwdCjTm1F3ktePgvvvKVec5RzWRSH0jjE6YFuRr2xu15wc5rnNJHUQx2v1SultrbUN9rmiMG43NWWJzHOY8Wc0lrgd4cDYhSupRuiTVi8+T/AHSvbNKzzLDcXH5x97AAcWg3JO67bdduRj8SoRcIv9T9Dfhqbeb0Pnbip5SqmPVZo9Qv7yR6lrwsbUV25m6o7zPQNMOYz0W+5cdlkyIAgCAIAgCAIAgCAIAgCAIAgODeW8flAf3EX35V2OT+p4+xUxGpUsDpnyOyxtLnamw36K/Ukoq7K9NN6E26lka27o5GjrLHAeJC1qUW8mbGmQmIFW6ZUqakYXEEEEgjUEGxB6weBW7VWYi7aE9/TvE+basl5oyjRhJHaSNT2lVPy/DfB8/csrET4mYbd4m7Q1cn2Yx7mqPQMP8Pq/chLE1OJ8SYjNN+elkk7Hvc4eoE2CkqUIdWKRhSlLVn4smTsuw9WaiiD3HM8Xje4sDdWWsLDQjKWe3duXnsZS5us0u86FGW1DM/BgFPEJC2njDJTmkj5MPY99rDm7g0akNtYEkjetc8RVlZuTy0JKEVeyMFTg1G5kofTw+daGvtE1jiALN5wFwRYWOlrBZjiaqae08tA4ReVjHHlZG1rBZrRYW0FgAA0dgAstEpOTu95JKyOR1MpeS52pcS495NyvQyioxstxSTu7npmLojuHuXny6faAIAgCAIAgCAIAgCAIAgCAIDhXlvb/X2f9PF9+Zdfk/qePsVcQVPZuvdBK2RgaSODr2IO/cr9aCnHZZXpy2XcuVLtY/M1zw/p0jn5HkZxAJA+7dAS/OCe1vhUeGVrLt9bfI3c5n5Cs2gonicS5ml2Y86BshlOSMRhz3mRzcrmOFs3z7ggiylGhVVtn52trfhqQdWGd/v5mpNX4I+oEzmtEbRK0winLTI507gxxZG1jA1sOoN813NzXLddihilDZWuWd9Mu27zfhwyZLapN3K9j+F0rIY3U1RA9zDO2TzvnZGmdwheIz+qy3tbjdWaNWo5tTi1e1ssllnn3kKkI7N4kDErJUkS9NuWmRtjobCgSOheSOtfeaHMcgMbwOouzB1u/K1crlOCvGXei1hnqjpcsfafEj3LlFohMVYLbvHX3rAK7WvIZIeprj4ApBXml2oPRnLGjojuXoqmjKUT040aBeeLp+oAgCAIAgCAIAgCAIAgCAIAgOHeXBv9ej/6eP8AmTLrcn9V9/sVq5UtlaRks7IpHFofdocLaPIOW994vYW7Vs5UxNTDYWdemruOdnvV8/G17GnDwU5qL3l2pNinyRNfHM25GrXNIyvBLXNzNJvZwI3cF5+r+KqVCtKnVpvLRpp3TzTs7aqz1LiwLlG8WRGJ7B13zWRv9GUD7+VW6P4x5KeUpuPfF/xcr1OTq70S8yvVmyNfGCX0sthvLcsn3CV2MNy/ybiZKFKvFt6LNN920kaKmGq0o7U1kRTqCYb4Zv8ACf8ABdcqLEUXpNea9z6ipJP7OT7DvgokXVp/EvNErTU77dB/2StUjZGtTt1l5o2fk0n9m/7Dvgo2MvEUVrNea9y3+S5j2VT8zHtDo+LSNWvb195XO5Tj/Ti+3+Cxg8RSnNxhJN23O51uVcY6RB4wdFEFTxp9qec/q3+0EfitmHV60V2ojU6rOcQjnM72+8Lu1dGVIanppefLoQBAEAQBAEAQBAEAQBAEAQBAcT8uLf65Cf1Df5kvxXUwGj7yvXKDhsha4Ob0mkOb6TTce0LpVIRqQcJaNWfc8mVYtp3R2SPEXRMqzGzPYNqGN00ZMwkk3IuA9kjiBrYr5f0KNeeHjVls605Pi4StZWTzcXFJvK+p2+ccFNxV9/n9bkUdsJhK1jo2jPKwMu0ghmS8jDY6PBMZHY9XKv4VwsqbqRm/0wk3ZrrX/S1dZxa2k9M495oWOmpbNtX/ABn46eDJTDNonSGga6NoNVDJKSHGzCwMNgDvBz9fBcHHchwoRxc4Tf8ARnGKutVJvNvda3AuwruWwmtUQ2NUvJyuaNx5zfRPwNx6l9S/D3KPT8BTqt/qX6Zf8l7qz8T5xyvg+i4uUFo813P208DLR4NI5uewIs1wGbVzSDa1r8Wkd4PUujPEwT2fA108BUlHa3Wva+q+8vMkhghG9jhbf5xvG1jbfbpLV0q+j9Dc+Tbax9V4eGpjkwGUk2DQL2F331sSRfjuIU1i4JZ/Iry5LrOTsklfj2GHZuS1QztDh7L/AILXykr0H2NFjkGezi0uKa/k6RKvPHtiAxk6LAKdtPJalmPWGj7T2j8VvwavXj97iFV2gyhUg85H6TfeF2a3VZWgemFwC4EAQBAEAQBAEAQBAEAQBAEAQHGPLk3+swH9T7nv+K6eA0ZorHPsLgc97WN6T3NaO9xsPeujWqxpU5VJ6RTb7lmVYxcnZbzs+HU5c6qMbsmkdNG7KH2ELTc5Tv50jhb6q+V4muqdLD86trrVJK9r7byV1msknftO5GN3PZy0S8P8lXq6+RkUc0raN16qzXOjfHkkj5RhlfyZ1uI27hu33XoI4WjVxM8NSdVWo3aUoyvGWy1GO2uLerWejRRdSUYKcrdbuzV1fLuM2yD6fl6Z0dO5jpoqktvM98cTWSAOELHDRjzzuFtyo/iGGL6JXhUrKUac6adoJSleN1tyT60dO3Xus4Vw2otLVPfp3Epte8Z4xxDST3E6e5y6P4BhUWGrSfVclbvSz+aPNfiuUHWpxWqTv3Xy/krQzZebmMmZ5ILWiLkiCGgEHNmBDSfTPUvXN4jnHw3FmjDkJ4Wm6rt1dq19u91t3XC1/BZZkzRCMyjNmMdhv6V9b5rDf1206lzcTPlFUf6Wt1fS9s9PG3bbQvYuj+Heep7Lje0sotuG613d9tr2fxbjUxXLnl5IPLSzzJaWgCW51kuRdtrdY3q7gOmOjHntbvW19nde2V/pvucDE/k8a09jSy42vv2ez7WRtYO608RPXb1kEfirONV6Eu45PJMlHGQa4/PI6eTzR3D3LzR70gcaOiwZKPti+1K4fSfGPbm/0q1gFet4M01+oUzDxeWL02feC6tbqs0Q1PSy4JcCAIAgCAIAgCAIAgCAIAgCAIDjvlyHn6f+6d9//ddHAbzRWKBgFW6GZkjGhzmnmtIJBJBA0GpOqt47CxxWHlQm2lJZta+tzRSm4TUluL/gO2sUcTWSRPuLlzmlrsz3Euc4g5bEuJPrXk+UvwvXr1pVKdRZ2smmrJKyV89ErF6jjYxik0bzdo8KdkDnBmR/KtDo5IwJTmu64GU3zOvc21XFr8i8vUpTlFbW1HYbUotuOWWee5Wsrm5YnCysm7Wd96zFDNhMTo5I6qEckJWsb8oaQ1srg5zQ0m+8aDgteJhy9iozoVMO/wCo4uT2GruKsm31dNWbIyw1P9alpf7tqRFfibJpHPD2G5054NmjQcepfTeScBHAYOnh1uWfa3m35+h875RrVMTiZ1Wnm8snpuMlBiDmaNeACQTYNcdOIvxsSrlSnGeqK9KtUpZLJX4e5LMxOPQl8l2k5SGRCzTmB8WkafBaOZlwXbmyx0qDzbldaZR7V6qxrV2KF2YCQljrXDsgNxbq3ahbadKMbNpXK9atWqXjG7i7ar2I+CvibJGTIzR7Pnj6QWa62qcl2P5EsFQrRrwlsvJrc+J1iN3Mb3BeVPoBB4yVgyc/26mtDG3iZAbdga7XxIV3k9Pbb7CvXaskVrBheeAdckY/zhXqreyzXDU9JrilsIAgCAIAgCAIAgCAIAgCAIAgOReWyFz6ijawXc9rmNHW5z2hoF+skLo4DRmisUjZStFLVxSTRu824Zmm7HMvoXWI3gEmxHhvXRrQ26bimVoPZldlsrq+hkpXhpjD2wQNZmYA9paSAxhsLlp6RboQR6q0IVYzXC7+/Y2OUHHwITHNnGNqTDHK7JyQlD3ZHXHKZN4IbYjnA3Cs0sQ+b2mt9vQ0zpJz2bkRPspJnDI5GOPG7XtsbwNtoDxqGa6DQresVG12vvP2MczwZrP2UqQ1zsrTlc5mjh0mvMbhrbQEDX6w9U+lQvb70uZ5qVj8Zs1VAgGNgJNgDNCDfMGWN36HMQNesdax0inx9H7EHSmbEuHyQ5RKzKSLgEtNxYHgTwIWFOM+qwlKOp82WTNzWndaxG8WI7wpJXyISZ2DB9u4HUrXSOaZG3Dmg2O82IHEEWOi4E8FJT2Voblj4xheepW8c8oObSKNrfrPde3qC2R5P+Jmp8pSkv0R8ypYpivyhzbagfOPScT2bgBrYDrV2lQ5tWQpOUntT1NzB4HNqqdr2lp5WDQ7xmcwi44aEaKFa2w7cGW4anoxcMthAEAQBAEAQBAEAQBAEAQBAEBzTynsDqygFiS1zDoM2plblFuN8p04ro4FrZmuz+Gc7GSnGtTa0bs/Qw1+BwTCwYzNzWg2cWtcculriSME6cQOHEHbGrKOb+vsyxKKZEVGxHS5N799tA2cG+65aQYx6Vzbet0cVx9v8mt0uBHYls5iLncqyZsjy1oD2zujdkyhwaS8NA5oBtfgtlOtRS2WrLuv8rmuVOo80yHOFYwznNimdvF2BlSdch0Lcxv5pm76K3c5hnldfL24hQqo1xPirc2anqecRmzUkm8Pe8/NFue9xPq6lLZw7/cvNEv6vA2YMexBjsxhdm1NzDK3UkOJsCBe4Bvb3m8HRotW2vVEXOotx+VdVU1GTlITdtwC2J45ugDbaiwsLaX71KMadPR+pG8par0PhuF1J6NPUHugkPuas85D4l5obL4M/XbMVz91LOPTYYv5lljpFJfuXz+Rh0py0R+R7EVpF3GGIXA50wcbncAIc5voVh4uk3o34e9jKwz32JSj8nVxnlne5trgsZkad26WS/f0eC0zxqWUY/fcjdHDxLThGAUkOsLLjRnKOuNTqXZ3a8LZWWvc8VTnWqSyl9/fabI04x0Imsia3EmP4CSldoCAGhkR3HXd1rdl0dyfB/NnNr15vFRox0uv4fkdtXFO2EAQBAEAQBAEAQBAEAQBAEAQHMduXh1VIL9ERjuOUHQ8N+9SjNxd4kZwU1ZmzhHyqVu4S9pfyUu6wIksQ8j6wv2qzCtB65eq8t3h5Ghwqx0/UvJ+ej9O82quTKDykb43EWLpI3R8GgHlWZmHc43Jvqt0Ffqu/d7OzNbrRXWTXerequvUNqg9rnNcSdOEdUNAb6g7rNItv5/aEcNl2a+cfv6G2MlNXi/5PmMMDmXEIu4DdI3UBota1gQHRjTTQ9jUd2nr6ffH7zM5GGJrbNDREW2vzZ33Drc0Xcb63JGvuusu++/kgrGdzXC4YNbsvapA6I1DeB3O003X7FC63/Il96mRrg4Bt7nV2lXbgLXy6kE2F7X3bljNZ/8AyY1/yYZ5A5xHMcQcwaZ3OIzaWc1p68o3HpEjdZ045L6ff36Yeb+p9HIWHmwc6xBHKuGYh41G4i7RaxGl9yj+pPf6GbIwTuLABdzARc5GsiZoSAzlna6ZdNNObuU4rafHzb8jDeys8jVrsRgvo5hcC7URmoeRzRcHRlzbff1HS01Rml+rJdr2V7mh4ule0Xd9n6n6ZGSnFTKBycbY2jLaWa0jwQ3LmZHuYd+++/etTlRhq79iyXi94bxFTKEdlcZZvwS/lmtiuGsia5xc6SR180jjdzj2KvVryqZaJblobaGFjSblrJ6t6/Q6XQSB0UbgbgsaQesEAquWTOgCAIAgCAIAgCAIAgCAIAgCA5xtthr46h0tiY5cpuODwAC0+F/WgNjZuvMY3Ajw8CEBa48ajI5wLe8Zh7EBSdrTE4lzWRk9Ybr7lthWqQ6smvE0zw9KbvKKfgUafGJ4zZkj223DO9tvAhTWKqb7PvS9iDwsNza7pS9z6j2mqjoX5h2uz/eupLFP4V5NfJjo73Tl6P5pk9heJzymzpLXP0Ijr16t7T4rPSV8C/8Ab3HMT/uPyj/1LlQbOh4DjPID9WOAf/Ws9K/2rzl7jo8vjflH/qbg2VZxnqD3OjZrrYjKwW3nxKx0vhFevuY6M985ensYq3ZqFrSS6ocfrVEjvxWOlz3JLwXsZ6JDe5P/AMn/AAzn2MUeVxEbbdwufFRliq0tZP5fILB0FnsLxz+dzWw+nkDgXX9Z/BaG282WEklZFyp8QcGgNAv1nXwCGTXqKCSVzQbue7ot4n1fNaOvclwdDoafk44473yNa2/XlACwDOgCAIAgCAIAgCAIAgCAIAgCA+JomvaWvaHNOhBFwR2hAQztnw38yRb6EgzN7mu6TfagNWoonAc6GQdsZEo9Q6XsQFUxezSdXdzmFp8CgISWobxv62ut7QgMIMJ/sv8AKgJTDmNBGQN9VvwQFxw+aWws53igN7PKeL/EoDTr45LHNn9d/wAUBUMQeQSACT2EfFAKLCquQ8yB1usggeLrD2oC34Zs5MAM7mR+iM7/ABOjT3XQFgocPjivkGp6Ticznd5Pu3IDbQBAEAQBAEAQBAEAQBAEAQBAEAQBAEB8vYCLEAjqIugNKbBaZ3SgiPbkaD4hAaj9laI/8kep7x7igPluydIOixw7pHfFAbUeCxjc6UfvXfFAff8AwiLiZD3zSf8A6QH6MHp+MbT6V3/eugNmGmjZ0GMb6LQPcgMqAIAgCAIAgCAIAgCAIAgCAIAgCAIAgCAIAgCAIAgCAIAgCAIAgCAIAgCAIAgCAIAgCAIAgCAIAgCAIAgCAIAgCAIAgCAIAgCAIAgCAIAgCAIAgCAIAgCAIAgCAIAgCAIAgCAIAgCAIAgCAIAgCAIAgCAIAgCAIAgCAID/2Q=='),
	(15, 2.5, 'Cartela com 10 comprimidos de Paracetamol 500mg.', 'Analgésico Simples (Cartela)', 5, b'1', 'data:image/jpeg;base64,/9j/4AAQSkZJRgABAQAAAQABAAD/2wCEAAkGBxMQEBUSEBASFRUWFxcYFRYVFRcWFxUXGBUXGBUVFRUaHSggGBslHhYVITIhJSkvLi4uGB8zODMsNygtLjcBCgoKDg0OGhAQGi0mHyUtKystLS0uLTUuLS0tLS0tLS0tListNzEvNS0tLS0tLS4yKzUtLS0tLSsvLS4tLS0tLf/AABEIAOEA4QMBIgACEQEDEQH/xAAcAAEAAgMBAQEAAAAAAAAAAAAAAQUDBAYCBwj/xABBEAABAwIDBQYDBgQFAwUAAAABAAIRAyEEEjEFQVFhcQYTIoGR8DKhsQcUI8HR8TNCkuFDUnKCohUkYhZTssLD/8QAGgEBAAMBAQEAAAAAAAAAAAAAAAECBAMFBv/EAC0RAAIBAgQDBwUBAQAAAAAAAAABAgMRBBIhMQVBURNhgZGhsfAiccHR4TIU/9oADAMBAAIRAxEAPwD7ii8ypzICUUSkoCUUSkoCUREAREQBERAEREAREQBERAEREAREQBERAEREAREQBERAeVCIhUIiISSpChAhJKIiAJKgqEIPUpK1sVi2UmOe8w1jS5x4Bokn0CrtndpsJiATSxDTETmDmQSCQPEBua70KFlGTV0tC6lSsNOq11muB6EFZEK3PSLzKkFCSURQSgJRQDOilAEREAREQBERAEREAREQHhERCoREQBelCkIWAQoiA8PdC1RWLieCzYl1lq0BZXitCpz32jY/udn1BMGoW0x5mXAf7WuXx6htFzJFN72zfwuLZI0Ph9/Vdv8AbFj5qUMODZrXVHDm45Wf/F/qvneQrLVd5H0XDqKVC756l1htvVxGWq4wQYdDrggj4gZMtb8tLq1wnbvFUwQHAzF5dNhuBMbtIvJ6qu7PYDC1qbu/qhj8+rqndtZSHdS6MpzuIdVtb+GLib5sNsDvaYqNqkB12Ncy7muqvpsAv4nksZaP8RkniSfJl6kaF2pR9Dq9l/aS81GCs0NpknO7448BjLlAMZoOhMTC63B9raVQeF9B5tAZWAcRfRlQNP7hfHsbsSrSpl5qUoALoYXOlv4MOBy3k16X9XBU+d3GeqnPKO5xeAo1dYOx98qdpqebIX5XZWOIIPhD5y53XDT4TYwVYZz/ADBwnjp0Pu6+H9kKHf4yhSEgGo3OBMFrPG4HkQwjzIO5fexexuCusHmVzzMXh1Qkop3NcOgyLH3qt2m+QCqbFO7p+WbG7eXL9Pcb2zakgjh781JkN1ERCQiIgCIiAIiIAihEB5REQqEREJJRFKEgqCiFAaeMclMQAsVcy4BTjMQKVN9R2jGucejQSfoumyK2vofKtuYujV2jjKtdzIYKdGiH0hWEte3vHCkT4o7uoJ0HeBadV2zu7L2mDNWp3Yc6m/KWVCzD+KWyHupNBaDIY43XO1mVHOLjMuJJ5kmXfM+vVbezK5DXsqdxlkEirTccwvJa5twRAtzPBZc12fTdhlirN6W28uhbbR7K0m0+8FV5ysLqjaIbiD8TWtcz+GO7+IlxNg0XOZMVsGrRD/8AuqDjSYGuaQKpzio1jKA1y3JykwZBsNRrUcNRe45KFPM5xb+DWLYMAw0PGUNOknfbplZiXtJqU8TiqRaabfxWd+MzTnpU8zZAyk2EfzRFyFay6HPNPbN5r9XZ42jhcdD2Pw9Q/CXGnne2IDm2DiL5GnT+UcFzjgc2Qgh8wWkEOB0y5dZ5LpK20a+R0V8NUApvBDfw3sDqDKRLWWgimyAALF79ZW3R7Xsc8OrUnx3mZzGuBp2xArtfkIBdUGVlKSfgB4wqtRudKc6kVpFP7f03Psj2eTjar3Ag0aZaQRBa97ogjcQGPC+uscuI+ybCEYSpXd8Veq5xPEN8M/1d4fNXDNrPFQ5vhkwBERMDMT5LtBWieLj6mevLu08v6bO3qJcWkboAOnEm/Tf1XvZrsrxzt+nTotOvi85Akxz47zHKI6jhKzMMAEbr/Pj1379ykyF+i8sdIB4r0oJCIiAIiIAiIgCIiA8IiIVCIiEkqUUFCQV4qOsvawYl0BStyGalO7yeC577R9odxs+pB8VRzabf9xl3/Frl0eGFp4lch9o2x6mM7qnSexoZmcQ+fETAbcaQA7+pc8TWhRpuU3ZbHfCqLrRzbXv5HySjTqVXZWyXHQA8ATYchK38O19Go04ik9zGuaXtLTdocMwk2uJE81eYvZOIpBz6uEoPEuJfSqCkRmJJ8RIIiSBoIjgtSltUAZgcXSvGaRWpwCdXuDiSA46a201GalVpTV4yTPfddy0il5/rX0Oy/wCsbPxLhmqYQ05HgrYfKWtn4WvLI3QL8eErBtTZuD+71ajMlHLT7xlShiS+k54juminOWTAgC+i5XD16dR5qGth3lwdIqsLG/EIk6Bzg3UNi5kDfLdnUn53Pw5jM0Z6NUPHiDNM0ZjLwJE3tuzHTmbMaoqDVpSXzvt7FVjNoOrgCrVzZTIlonkJA019eULAaOUTqBvF9OB9+i29obOpMbmp1Kk28L2EagH4oAFnA79RxUdncP32Jo0NRUqMBHKZcf6Q5cmnfU9KMoqF47I+17Ew/wB02dSYdWUW5v8AW4S7/k4r1srZ4f4ql+Df15p2oxAZSY06PqMB/wBIMu+gVlsxvhWrZHycpOUm3zIrbKpu0blPEe/7qqa7u6hpO1/ljeOXu3VdGue7SD8RhGoF+hO/j0Ubgt9m1JYOVt+m7VbSrdm1RJERPzI+p/ZWSgkIiIAiIgCIiAIiIDwiIhUKURCQFJRChJC0sc6y3Sq7EGXgc1aJDMtNsABUmNdNRx5x6WVxiq4p031HfCxrnHo0En6L4vh+29dsZqjXzrNPTjplJ+v0Xl8Xw9TEU4whbe5sweHnVu48iy7SsGL2nTwlbMaNOi6t3bSR3rxmtbU2Ho7iqzs5Uo0toE0KeJwn4bu+w9Vn4ZAYXBxqGpLL5YJadTBGZZNsY+ljCx9VkPZ8FWhU7uoB0cDaSTfTjdZ9l4vAYdpH/cNqPLS6rUGd5LHh7RIm2ZoJBF96wdlOnQyOL/zlstt9X477X6HWWFrJ7HTVG06zR3+Da4f5ixrwLxZ0SDx4RyVa/s/gHmWOdRdb4XuZvBFnyNY03qMK2m4TQ2jLosXvc1xIIIzSb7x8Ng7QwFvfdsS03y1WBpyyA/Kc0ARZxGVrSTd02GsrC1kf0zce67XoyFUq09NUa47PVmj8DGkg7qjc02j4geAAkDcOAWXsf2art2kMRiBTIYxxBYbZsopt8JAI8JcfJXezgRTbmYGkiSBaCTfeY6SY0V9sWn4XO4mPT91p4bjMRVxCpyleOvLp9iamIkoPbVW2KvtazOWt4CfX9lu7Gxr6dICsCd7XNAMttEmddfRVW3a4L3Gb7p35bHy/VesHUAFzzM7tJP8Aca719SzzTpWbSa74Z8xCr9qFpAgy4uv0GgHvisWDa+sPDAGk7jxFtf7WssmI2ZUAmzvd7b+fHkoJJwL4g9Pf1t5lXoXN4SpqJuOfr/c+SvsI+WD09FDJMyIigBERAEREAREQHhERCpKKEQklSoUISRUNlX07vJ4LcxLoC1cKLTxK6R2Ks5v7TMd3OzaoBg1S2kOeY+Mf0Nevi9Ci4tc5tMuDYzEAnLOk8F9F+2HFycPRG4Oqu+TGf/ouHpV62GNm1KTv/IOZNtCDE66c1mq6yPoeHRyYe63buaAu4XAkgSbASYudw5q9fsio5stdTqXEFjwZLiGjWLy4Ajdcm6NxzatPIcVBfOcPpWBeJe4OblvLn2vqL6rdw+DY2PBh6uZ1jRq924G8ACLboBOuW8lQoo71Ksl3fO+xR4nCVKM56ThzIMCDBuLWJA5eajD7Qq0b03Ob/pcW/Jquq2GGRzHuxlMWDg8d7TEBr2wWza7YuIkc50qmzAGjLiKD5MEZocIBJJbrFo8xZVnTvoWjVjJfV/Pnib2z+2GJ0zgncHtBBtxAB8p4eX13s7We7B0qlQAOcwPIEx4vEBe+hC+BYbCGpVZSbq97WDkXuDQfmv0U9oawNboIA6DT5BRh8PThJzjFJ7aHmcUjCOVRW+pymMwrg4F7ec6g8TPH9V7BzOYy2u4RqQI96SRvXT1sIH0S13CQeB3FczgaZc4cZHrPhufL+9itiPIOyo0gxoa0QAIAXtY6NYOHPeOCyKhY5/blLJUa9g+LWOI3/PfZb2yKmo8x9D7KwbXZngkWBAE9bn6W3pgnZXA87+dv06aK3IguURFUkIiIAiIgCIiA8IiIVCIiAlQpChCTTx77KabYACx4m7wOa9YmuKbHVHWaxrnHo0En6LpsiLXPjnbvECrtCq7UUy2m3hDAMwP+4u9fJVz+0mJBPiDg4yQ9rYJzTfKGnXW+88Vp1NrOc8vytOYlziQSS4kkn1J+fErYweI+8VadLuacvc1gIlsZiGgm8QJ4cVjzO+h9TGlGMEpK9kbNPbFOoCa+FoEk3cwBpiADEtOX+Z3GXHfAXt9TAVWmG1aV58Ls0NOrTM3B0gQZGkuctnavZfJlyOzte6GmDTLoYXucM4AygbwY56qrqbBq0nfw3GRYtBdaSP5Z3gwRrBhWvLmikexavGVvH8M6Ps/2fp16b6lDE1/4lRoZTyvyMaQ1rnseJJcMrt27hIxY/sFVc9xp4ltSo6XllSm6i9xILyBq0nXQwCuVrYR9N92vY8Gx+Fwglu7m1w8jFgVZv25ii2HYmqBlykBxuCLkT8BI1IiddLqc0dmiHSqqWaE14r8m19nGE77aVKdKYdUP+1sN/wCTmr7PiDcBcL9ldM1DVrOjwNZRYYAIES4GOAbT+u9W+3qs4gnMYaA0AGAYGY/Vdaa0PI4jUc61uit+TqqtUAZZuQQIv+y5kNNM2IEEySQAL6T8ifLRZ6GPOUQIIGs6WOk9QVrvbmm+7nM8Y4CNOkq6RhLD76CLyHRd1rjWbac4R+MDXSCXH/yOlrwOMGVU1nXsdetojLBPL010K6PZuzGsaC4S75DkAj0JKnEYlz4k/DAjQdep+nOFmw1S3v8AP5D1V5WwjHiHNB8lQYqgaFSCZa74TPqDz+tgoQOhoPloKyLR2ZUkEcPfsblvKrJCIiAIiIAiIgPCIiFQiKQhIUFSV4qmxRBmky7yeH5rnvtG2j932dVIEmplptHHMfF/xDl0WGFieJXBfavWc92Hw7b3dUIGs/Cz/wC6tUdomjCQz1orvv5alQOwoeWtzvbUlveXpvBHdt7x1OmMpaG1XBkEnXksI7IVKbxTpva55zGAH/CHuY1ziGlrc2WRJ6wqJ1SpRql9R7wSZe4O8Zk+I5pudd6tH7RLS7u8dUpkwA3EUpIDA4H8QhwGXM67YIk+fBZXyPbkq0dM1/D9XGEp4sHMWPeTSdlDj3hYx7YLjTBJbIfPiAmdCsj+0L8PUArCoHkMcM7WuDm6gwCzwuvx+IxrfYwOLxTRUewYao94py+i8BxfSBayoQTciXSMoFhEESlTbVOKgxGHxTO9Y2n4sz6bWCkxjcoLmgZYqvHhcZdMiCrbczm/qesU/tuc1tLFd9WDgbBjGA7zlbcmd5OYnqsbca5py1PE3jHiEmZB3meMrp6ZwGJdBbRolxEOYDSLc2KfDA0nJaiBLiNXtvZaO3dm0qdDNTaDUqPosDC8VDReGPfWZnbAd8VAaWzEKji97miFWOkHFrkfS/s7wgpYBh/9xz6h6Ew09MrQfNamzMP98rucSQwOJMauJJIAO4b/AN1evojDYIU2/wCHSbTEcmhk/mq/sHBp1B/MHknzAg/I+i0pWR83Vnnm5dWdLSwzGiAxoHRV22NnjIX0xBGoGhG+yt14rHwmeBVblDjqQzEHmJ32kT03/TRdmCuVpsDXec7vP99081ffe8rZAzAbhr8/zhWaCN1U3aRstZxBnpotsbRBiGnnMCAtPaFdhESSSQTabCYtznTfdQlqGeNl1Mrhzt+nv13K9XN4d3v5a/nv0XQ0Xy0FJBHtERVJCIiAIiIDwiIhUKVClCQVr4x0NK2CtTGGSBzUx3DIptgAL5Z2znE46qACQyKYif5R4h/UXes8V9TfUDWlx0aCT0Akr5PQ2wWud+Ph2Pe8k5hN3XkuGgzEepJ3zWs+SN/D4/VKXQ5rF7JeP8w5H3b9uK6ns1sV9ei6tWxVYBrw0NgPMsAfmfmOl4jrOi2qe0a72BtSkyqDADmVGmSZIBBykaceGoKw1n9y1zsPUxFF9vC4OaHGTaRYgCNZmI1IXKKcdz0alVzjlWj8y1qdnmVacNqUHy4gZx3T3HwlzQTPHdpmtE35jaL34Ss5mIdiqOaCzLUFZmQgRGaZEtfw+StW7cxhYD3mGrtcPhc1pe1ztwc2LyYknURqqftG7EV6jTWoloawMY1jXOaGiQBmvJJ535aq7aWxzoxnmyzat85fwqto1G1XZszXC4BDQwkSSC8Df9FudlNmCrj8MGw5ucOdy7uXweuX5qvp4QagD6/L9vLf3H2WYOcRVfFqdMNHIvO49GHrM20VI6yNWIqdnRlbodz2hfFIDcXX6AHhzhVWxKQpuLmE5zNtzhrlO4HU8OCttsguaQNQJHUGR9AqZlgCPfp7G5a7aHzB0f8A1KIDqbp5aepheauM/wAwgawDeNJKpqFZznBrZJOgHzPL6eashshxHieJ4RI+eqrZIGjWAJc4DS4GnmeH915FQtPCAN/LTp7Ky4mg+gZcAQbAzImd879ddZ1WlUeamVpAiT8I4wCfe+2isCyw9GpXEzDRoTv6DXz/ACWSrsR2oqSeYj6e+EK4pUw0BoEACAvapmJscq2WuLHAgjcfr+1oHFXuzH2g+5WDblAENfHiFuo1j5SOaw7Oqw4cD7/Xqp3RBdIiKhYIiIAiIgPCIiFQpUKUJC0nmanQfVbhWlSuSeJ+itEMx48nuyAdbfquS2ps/D5HVMRSpFrQS5xYCQBrcCVcdotsUqLmU6tQNJGa8xEwCTEDQ6qk7R0fvGCqNoua9xDXgNdOYBwdAjiBZfMcTUqmMSd0lZX9/c10lKEMyOKrGk1n3hmz69OhP8VlXxATE5SCNbRMTaV0mB2NUeG1cPjM7HNzN7xkyHNiSb7jlgjQkWXLbV7TGrTo08HWqiqGMpHCdyHtcWyHEl0tPpuExdddgZoMYKtQUntZkPdgBhc1uZ5bTDcoANRw1vAtcLRVlWppdm2t9NXout/daF44mfN3+5V7U2bijZ+Do1mgt8TDFQhrgYLjckgFpMTDit/auFP3enUaa9ENa1rm3cBBbJh4uRBINjYXF1u4baBsGVaT7T48zHESIkGI136zZdFsTHOqNyVKJbInXMIIm9h7hc6PEq+a1RL2O3/RotPnsfKto02lzq7MYx7oktc3I50ADLlNnbhpcei+kfZvQaMIarf8V5PQNAbHOHB91r7T2DhapOahTniBlPq2Cun2TgWYbDspUxDWNsNdZJv1JXoYDGxxM5JRat5FcXiFKkoq/pt4Hird6qsZRyy3gbdNR6W6aq5wzZcsG2KHiniPmF61+R5h57L0hkc/eXETyHD189VeKm2A7KHN5z+quVzluSjHiKQe0tOhELk8PT577fQH+/lqutqutE3XMBsE9fd/fqrQDOloVJAnWFlVHSxjSPF8XEb+HPd+qhmJAvmceA3cvfFMoubu03BzY3Dfz5fNVrLRfT8vfkvNfFl9tOlt/H0vxssdM8/oP2j5KyRB0lB8tBWRV+yqnhjyVguclZkoIiKCQiIgPCIiEBERAeaphpWrS0C23CRC0nEsFwbaQJngrxehB8p7eYh1XG1D3dQsZlph2QlpyiXcj4i72FzZpCwDiLzElt+PXnr9Dc4jZDjWc+scRSzvLifEIzOknQzqfTmFsf8AprORkxhcDME5CbRYhxBBud24rG02z6WnKEIKN+RrbLrVaRzMqvk7y7NbXUg7r/O+guanaB4/iUqTzvJbldYEfE3TU9JgTJWlS2G2kMrqWJcZ/ih7GOkgEANzwQMp854BYK2CAaQMQ4ETDa1MTAaIGdhyg5g4XMCeOvKWHpy5L8lJKnN6r54GSptXCOJL6FVk5pdTyvgua5pMnxCM0wLCGxorTs/tTDU6jTTxjAMpblcDSc46S7MYcTqTEk35LisfUFN5Ycpj+ZhlpsDbS11jZVad48x+nvhvCy1MBGSajJr19/2HgqbV1c+y4OKjhluCRcXHO6vsSYaV8t+zXC5sbmBGWmxzjBsSYaAYsdSfK2i+m4t2gWrhuBWGi9b3Z5GMhkqZbmTAs3qNqs8IPA/X2FsYZkBMWyWOHJehfUylJSrmm4cDr+s++i9PxF7PeB7tqsVbThvn+/5qvbj2H4TJ3bunT8ua6EFv98NwB1J1Os9N3qtWs6R6/rp8481zu0trVRVyBzWMAbLrbo1Jn/M2wG+xk2raxrYhjQQ+QfG0TlNptmjeXDhYboTQHSv2jTzBmaSSWmAXAHUhxFv11WjitquDiGBkBwBJLjIIl2awymIvfUb0w2yqrgc8aggkncREjcNBA4TvKsML2bzHM8EkkE8JA1E2G/TgDdRcFQNpVXOAje10aeF2ZsTy1PTosuAwlVxE5pmb318RjzzDoF1eF2G1u5o47yfVWdHCNbunqochY19n0coHzVgoAUqjdywREUAIkogPCIiEBFKIAoUqYQGF9Bp1AWhX2HRdM0231sLq0SFJKbWzOcf2YYJ7tzmzrlcQDrqNN5WhiNhYlpDm1GPImO8ZpMTBb0GvD07JFFkdVXqLn5nyjafZwkl1bBl02LqLpM3ObJbl06Lj9pbNFN34bKou6zwGkCfCI3mNeZHRfoYtB1AWGrg6bxDmNcOBEj0Kq4JmulxCcN1fxOA+yLBltGvVcD4nhjZG5gl1+Eu+S7cDO62i2sPg6dNuWnTY1szDWhok6mAswaBoFeLsrGSvU7Wo59Q0QhClFByKjGYCQReD9PyKombAeNJHOF2iiFbMRY5fC9mQDLmyeLj13DrvVth9kMb/AGEKyhSouSYKeGa3RoWaFKKAIREQBERAEREAREQHmEhekQEQkKUQEQpREAREQEJClEBEKURAEREAREQBERAEREAREQBERAEREAREQBERAEREAREQBERAEREAREQBERAEREAREQBERAEREAREQBERAEREAREQBERAf//Z');

-- Copiando estrutura para tabela railway.users
CREATE TABLE IF NOT EXISTS `users` (
  `id` bigint NOT NULL AUTO_INCREMENT,
  `documento` varchar(255) DEFAULT NULL,
  `email` varchar(255) DEFAULT NULL,
  `name` varchar(255) DEFAULT NULL,
  `password` varchar(255) DEFAULT NULL,
  `phone_number` varchar(255) DEFAULT NULL,
  `role` varchar(255) DEFAULT NULL,
  `active` tinyint(1) DEFAULT '1',
  PRIMARY KEY (`id`),
  UNIQUE KEY `UK66hiuien6n7r49ecmfugrcofc` (`documento`)
) ENGINE=InnoDB DEFAULT CHARSET=utf8mb4 COLLATE=utf8mb4_0900_ai_ci;

-- Copiando dados para a tabela railway.users: ~4 rows (aproximadamente)
INSERT INTO `users` (`id`, `documento`, `email`, `name`, `password`, `phone_number`, `role`, `active`) VALUES
	(10, '555', 'gerente@gmail.com', 'Gerente', '$2a$10$u5VjPrBdHI7aNERFU1lpgOPXQjO./L0ugDZr/S9W1X2ayNeXiSQkC', '11555555555', 'GERENTE', 1),
	(11, '999', 'cliente@gmail.com', 'Cliente', '$2a$10$feJ8MTalP3eIm.qskANjkOUGsqFgFz6l3/mdYl2TXIjDEuJPOs1w6', '11999999999', 'cliente', 1),
	(12, '888', 'outrocliente@gmail.com', 'Outro Cliente', '$2a$10$w.J5TCHMDZEumwYKQtW9iOKnyVT9ijQ4MSPDDfWWIObSrGM0Zy.B2', '11888888888', 'cliente', 1),
	(13, '222', '222@gmail.com', 'Apenas um teste', '$2a$10$DYoQGVOzGTkXdtt0K5ZGIexk3/40zOduilmmSvEaXL9CLu3XfzgxG', '222', 'cliente', 1);

-- Copiando estrutura para tabela railway.withdrawals
CREATE TABLE IF NOT EXISTS `withdrawals` (
  `id` bigint NOT NULL AUTO_INCREMENT,
  `total_cost` double DEFAULT NULL,
  `withdrawal_date` datetime(6) DEFAULT NULL,
  `user_id` bigint NOT NULL,
  PRIMARY KEY (`id`),
  KEY `FKesk6migh8b3x43q3740dh5fja` (`user_id`),
  CONSTRAINT `FKesk6migh8b3x43q3740dh5fja` FOREIGN KEY (`user_id`) REFERENCES `users` (`id`)
) ENGINE=InnoDB DEFAULT CHARSET=utf8mb4 COLLATE=utf8mb4_0900_ai_ci;

-- Copiando dados para a tabela railway.withdrawals: ~4 rows (aproximadamente)
INSERT INTO `withdrawals` (`id`, `total_cost`, `withdrawal_date`, `user_id`) VALUES
	(14, 29.5, '2025-11-20 19:33:32.194680', 11),
	(15, 20, '2025-11-20 19:33:40.623916', 11),
	(16, 16.5, '2025-11-20 22:32:25.344360', 12),
	(17, 4.5, '2025-11-20 22:53:48.673232', 12),
	(18, 42, '2025-11-21 23:08:39.942367', 11),
	(19, 27, '2025-11-22 20:01:23.221699', 11),
	(20, 2.5, '2025-11-22 20:53:55.507328', 11),
	(21, 2.5, '2025-11-22 20:55:07.239102', 13);

-- Copiando estrutura para tabela railway.withdrawal_items
CREATE TABLE IF NOT EXISTS `withdrawal_items` (
  `id` bigint NOT NULL AUTO_INCREMENT,
  `cost_at_time` double DEFAULT NULL,
  `quantity` int NOT NULL,
  `dish_id` bigint NOT NULL,
  `withdrawal_id` bigint NOT NULL,
  PRIMARY KEY (`id`),
  KEY `FK8q16uqsyx54ag8wb6dgpplel6` (`dish_id`),
  KEY `FKj095oxjaj8wyfw8vtk3bkobin` (`withdrawal_id`),
  CONSTRAINT `FK8q16uqsyx54ag8wb6dgpplel6` FOREIGN KEY (`dish_id`) REFERENCES `dishes` (`id`),
  CONSTRAINT `FKj095oxjaj8wyfw8vtk3bkobin` FOREIGN KEY (`withdrawal_id`) REFERENCES `withdrawals` (`id`)
) ENGINE=InnoDB DEFAULT CHARSET=utf8mb4 COLLATE=utf8mb4_0900_ai_ci;

-- Copiando dados para a tabela railway.withdrawal_items: ~8 rows (aproximadamente)
INSERT INTO `withdrawal_items` (`id`, `cost_at_time`, `quantity`, `dish_id`, `withdrawal_id`) VALUES
	(18, 15, 1, 14, 14),
	(19, 2.5, 1, 15, 14),
	(20, 12, 1, 13, 14),
	(21, 15, 1, 14, 15),
	(22, 2.5, 2, 15, 15),
	(23, 4.5, 1, 12, 16),
	(24, 12, 1, 13, 16),
	(25, 4.5, 1, 12, 17),
	(26, 15, 1, 12, 18),
	(27, 12, 1, 13, 18),
	(28, 15, 1, 14, 18),
	(29, 12, 1, 13, 19),
	(30, 15, 1, 12, 19),
	(31, 2.5, 1, 15, 20),
	(32, 2.5, 1, 15, 21);

/*!40103 SET TIME_ZONE=IFNULL(@OLD_TIME_ZONE, 'system') */;
/*!40101 SET SQL_MODE=IFNULL(@OLD_SQL_MODE, '') */;
/*!40014 SET FOREIGN_KEY_CHECKS=IFNULL(@OLD_FOREIGN_KEY_CHECKS, 1) */;
/*!40101 SET CHARACTER_SET_CLIENT=@OLD_CHARACTER_SET_CLIENT */;
/*!40111 SET SQL_NOTES=IFNULL(@OLD_SQL_NOTES, 1) */;